Algoritmo,Quantum,N_Processos,Rodada,TME
fifo,10,10,1,18120.100000
fifo,10,10,2,15376.100000
fifo,10,10,3,22668.500000
fifo,10,10,4,13893.200000
fifo,10,10,5,13860.300000
fifo,10,10,6,14546.700000
fifo,10,10,7,21571.700000
fifo,10,10,8,21442.800000
fifo,10,10,9,19984.900000
fifo,10,10,10,18511.600000
fifo,10,10,11,16844.600000
fifo,10,10,12,19341.100000
fifo,10,10,13,22755.300000
fifo,10,10,14,12930.800000
fifo,10,10,15,15170.200000
fifo,10,10,16,19308.200000
fifo,10,10,17,22115.500000
fifo,10,10,18,26003.300000
fifo,10,10,19,10938.100000
fifo,10,10,20,18869.100000
fifo,10,10,21,26002.200000
fifo,10,10,22,22656.400000
fifo,10,10,23,14483.300000
fifo,10,10,24,26770.200000
fifo,10,10,25,21728.400000
fifo,10,10,26,16602.600000
fifo,10,10,27,13350.500000
fifo,10,10,28,20028.000000
fifo,10,10,29,23894.800000
fifo,10,10,30,17600.400000
fifo,10,20,1,42146.550000
fifo,10,20,2,46567.050000
fifo,10,20,3,40549.750000
fifo,10,20,4,35698.600000
fifo,10,20,5,43833.550000
fifo,10,20,6,60718.700000
fifo,10,20,7,37863.250000
fifo,10,20,8,37324.950000
fifo,10,20,9,33136.000000
fifo,10,20,10,39949.750000
fifo,10,20,11,46534.750000
fifo,10,20,12,42306.500000
fifo,10,20,13,26072.700000
fifo,10,20,14,42633.250000
fifo,10,20,15,38220.200000
fifo,10,20,16,41904.700000
fifo,10,20,17,41988.100000
fifo,10,20,18,41744.400000
fifo,10,20,19,32305.200000
fifo,10,20,20,45563.700000
fifo,10,20,21,29156.500000
fifo,10,20,22,34863.550000
fifo,10,20,23,54248.150000
fifo,10,20,24,45761.200000
fifo,10,20,25,35442.050000
fifo,10,20,26,39895.050000
fifo,10,20,27,45130.850000
fifo,10,20,28,48186.150000
fifo,10,20,29,52740.900000
fifo,10,20,30,37464.400000
fifo,10,30,1,55362.433333
fifo,10,30,2,50008.033333
fifo,10,30,3,66770.700000
fifo,10,30,4,69641.600000
fifo,10,30,5,52123.100000
fifo,10,30,6,62239.066667
fifo,10,30,7,68858.566667
fifo,10,30,8,67088.933333
fifo,10,30,9,54511.766667
fifo,10,30,10,68265.466667
fifo,10,30,11,59562.266667
fifo,10,30,12,71889.533333
fifo,10,30,13,72537.300000
fifo,10,30,14,47340.000000
fifo,10,30,15,72195.366667
fifo,10,30,16,57398.466667
fifo,10,30,17,68939.233333
fifo,10,30,18,63743.733333
fifo,10,30,19,71731.700000
fifo,10,30,20,63311.333333
fifo,10,30,21,57231.666667
fifo,10,30,22,63808.866667
fifo,10,30,23,62308.800000
fifo,10,30,24,69747.900000
fifo,10,30,25,48752.766667
fifo,10,30,26,68898.766667
fifo,10,30,27,60666.533333
fifo,10,30,28,82132.666667
fifo,10,30,29,54675.500000
fifo,10,30,30,52815.233333
fifo,10,40,1,61991.050000
fifo,10,40,2,94644.775000
fifo,10,40,3,79175.425000
fifo,10,40,4,94847.650000
fifo,10,40,5,81549.600000
fifo,10,40,6,113940.875000
fifo,10,40,7,83171.500000
fifo,10,40,8,92936.025000
fifo,10,40,9,82181.950000
fifo,10,40,10,78285.800000
fifo,10,40,11,75711.800000
fifo,10,40,12,106793.075000
fifo,10,40,13,106868.475000
fifo,10,40,14,78333.900000
fifo,10,40,15,89505.150000
fifo,10,40,16,74654.175000
fifo,10,40,17,84211.475000
fifo,10,40,18,84525.300000
fifo,10,40,19,126386.775000
fifo,10,40,20,82603.825000
fifo,10,40,21,98166.000000
fifo,10,40,22,95410.600000
fifo,10,40,23,93706.200000
fifo,10,40,24,90484.175000
fifo,10,40,25,100369.950000
fifo,10,40,26,83496.850000
fifo,10,40,27,87427.725000
fifo,10,40,28,85474.575000
fifo,10,40,29,89316.325000
fifo,10,40,30,65342.700000
fifo,10,50,1,116018.020000
fifo,10,50,2,75770.140000
fifo,10,50,3,120902.000000
fifo,10,50,4,89929.420000
fifo,10,50,5,132840.720000
fifo,10,50,6,112655.640000
fifo,10,50,7,119467.420000
fifo,10,50,8,108749.420000
fifo,10,50,9,88311.760000
fifo,10,50,10,108944.860000
fifo,10,50,11,92216.280000
fifo,10,50,12,114045.200000
fifo,10,50,13,119273.740000
fifo,10,50,14,108319.500000
fifo,10,50,15,104148.680000
fifo,10,50,16,115911.140000
fifo,10,50,17,117185.940000
fifo,10,50,18,140849.680000
fifo,10,50,19,113077.740000
fifo,10,50,20,112249.300000
fifo,10,50,21,99746.900000
fifo,10,50,22,110904.040000
fifo,10,50,23,116832.880000
fifo,10,50,24,110126.880000
fifo,10,50,25,118771.140000
fifo,10,50,26,114835.980000
fifo,10,50,27,117475.860000
fifo,10,50,28,126966.520000
fifo,10,50,29,93733.980000
fifo,10,50,30,102786.560000
fifo,10,60,1,132398.900000
fifo,10,60,2,115350.866667
fifo,10,60,3,144148.516667
fifo,10,60,4,147645.500000
fifo,10,60,5,123009.816667
fifo,10,60,6,141487.566667
fifo,10,60,7,121499.666667
fifo,10,60,8,111545.183333
fifo,10,60,9,126496.833333
fifo,10,60,10,119724.416667
fifo,10,60,11,133413.700000
fifo,10,60,12,123416.083333
fifo,10,60,13,139654.950000
fifo,10,60,14,140123.800000
fifo,10,60,15,124957.883333
fifo,10,60,16,124637.316667
fifo,10,60,17,134537.150000
fifo,10,60,18,122689.616667
fifo,10,60,19,142145.183333
fifo,10,60,20,135343.166667
fifo,10,60,21,147413.116667
fifo,10,60,22,113207.433333
fifo,10,60,23,136119.450000
fifo,10,60,24,152069.450000
fifo,10,60,25,146336.433333
fifo,10,60,26,118833.033333
fifo,10,60,27,148546.716667
fifo,10,60,28,149037.033333
fifo,10,60,29,125695.883333
fifo,10,60,30,159917.066667
fifo,10,70,1,126758.300000
fifo,10,70,2,150893.800000
fifo,10,70,3,171354.328571
fifo,10,70,4,122571.285714
fifo,10,70,5,132395.200000
fifo,10,70,6,158636.957143
fifo,10,70,7,177332.557143
fifo,10,70,8,170096.771429
fifo,10,70,9,145873.185714
fifo,10,70,10,147392.900000
fifo,10,70,11,397266.714286
fifo,10,70,12,166361.071429
fifo,10,70,13,136601.128571
fifo,10,70,14,150512.814286
fifo,10,70,15,180386.400000
fifo,10,70,16,171116.328571
fifo,10,70,17,163014.100000
fifo,10,70,18,139531.914286
fifo,10,70,19,175989.371429
fifo,10,70,20,147230.671429
fifo,10,70,21,179412.842857
fifo,10,70,22,150039.657143
fifo,10,70,23,180330.628571
fifo,10,70,24,155055.814286
fifo,10,70,25,160345.371429
fifo,10,70,26,167086.185714
fifo,10,70,27,153168.071429
fifo,10,70,28,144236.028571
fifo,10,70,29,191648.128571
fifo,10,70,30,156238.557143
fifo,10,80,1,175884.125000
fifo,10,80,2,164042.750000
fifo,10,80,3,176863.287500
fifo,10,80,4,141411.387500
fifo,10,80,5,165108.325000
fifo,10,80,6,171543.275000
fifo,10,80,7,184507.712500
fifo,10,80,8,190827.000000
fifo,10,80,9,164030.700000
fifo,10,80,10,199178.500000
fifo,10,80,11,187418.462500
fifo,10,80,12,189097.725000
fifo,10,80,13,207522.475000
fifo,10,80,14,169465.062500
fifo,10,80,15,193167.225000
fifo,10,80,16,145351.900000
fifo,10,80,17,204924.837500
fifo,10,80,18,205860.225000
fifo,10,80,19,174042.175000
fifo,10,80,20,182032.200000
fifo,10,80,21,203068.100000
fifo,10,80,22,203507.662500
fifo,10,80,23,157846.625000
fifo,10,80,24,152743.400000
fifo,10,80,25,170761.050000
fifo,10,80,26,195713.600000
fifo,10,80,27,168395.337500
fifo,10,80,28,157177.275000
fifo,10,80,29,189875.575000
fifo,10,80,30,208120.325000
fifo,10,90,1,203818.288889
fifo,10,90,2,219162.111111
fifo,10,90,3,217290.844444
fifo,10,90,4,210370.200000
fifo,10,90,5,201861.111111
fifo,10,90,6,196909.566667
fifo,10,90,7,172055.344444
fifo,10,90,8,237304.111111
fifo,10,90,9,184113.355556
fifo,10,90,10,215881.177778
fifo,10,90,11,202852.944444
fifo,10,90,12,215089.911111
fifo,10,90,13,198971.566667
fifo,10,90,14,176117.722222
fifo,10,90,15,207379.377778
fifo,10,90,16,182901.055556
fifo,10,90,17,202339.811111
fifo,10,90,18,196462.011111
fifo,10,90,19,226409.644444
fifo,10,90,20,196336.233333
fifo,10,90,21,186102.700000
fifo,10,90,22,221198.933333
fifo,10,90,23,209219.344444
fifo,10,90,24,204252.111111
fifo,10,90,25,235549.522222
fifo,10,90,26,210638.833333
fifo,10,90,27,210451.411111
fifo,10,90,28,211635.722222
fifo,10,90,29,167348.844444
fifo,10,90,30,183261.544444
fifo,10,100,1,210123.490000
fifo,10,100,2,244509.080000
fifo,10,100,3,248532.450000
fifo,10,100,4,205538.080000
fifo,10,100,5,207101.620000
fifo,10,100,6,229036.690000
fifo,10,100,7,213604.910000
fifo,10,100,8,215226.000000
fifo,10,100,9,241398.950000
fifo,10,100,10,252172.690000
fifo,10,100,11,235653.680000
fifo,10,100,12,240836.400000
fifo,10,100,13,202624.950000
fifo,10,100,14,214637.850000
fifo,10,100,15,200733.190000
fifo,10,100,16,285492.640000
fifo,10,100,17,257554.380000
fifo,10,100,18,241539.420000
fifo,10,100,19,254644.260000
fifo,10,100,20,264465.870000
fifo,10,100,21,234608.560000
fifo,10,100,22,263526.440000
fifo,10,100,23,268290.630000
fifo,10,100,24,221031.240000
fifo,10,100,25,239516.200000
fifo,10,100,26,208294.120000
fifo,10,100,27,215932.900000
fifo,10,100,28,237705.470000
fifo,10,100,29,215752.130000
fifo,10,100,30,227895.600000
fifo,20,10,1,10712.100000
fifo,20,10,2,9227.800000
fifo,20,10,3,13143.700000
fifo,20,10,4,6072.600000
fifo,20,10,5,7100.300000
fifo,20,10,6,10434.800000
fifo,20,10,7,12999.400000
fifo,20,10,8,7246.800000
fifo,20,10,9,8856.400000
fifo,20,10,10,10390.500000
fifo,20,10,11,10834.700000
fifo,20,10,12,11521.200000
fifo,20,10,13,9261.600000
fifo,20,10,14,8429.300000
fifo,20,10,15,11551.200000
fifo,20,10,16,8316.900000
fifo,20,10,17,12635.000000
fifo,20,10,18,6424.200000
fifo,20,10,19,7513.800000
fifo,20,10,20,4953.000000
fifo,20,10,21,6165.100000
fifo,20,10,22,10480.200000
fifo,20,10,23,13276.700000
fifo,20,10,24,9824.200000
fifo,20,10,25,15462.600000
fifo,20,10,26,11185.300000
fifo,20,10,27,12132.400000
fifo,20,10,28,7492.500000
fifo,20,10,29,5760.000000
fifo,20,10,30,4407.500000
fifo,20,20,1,28889.050000
fifo,20,20,2,17451.250000
fifo,20,20,3,18092.000000
fifo,20,20,4,20848.350000
fifo,20,20,5,24787.300000
fifo,20,20,6,23572.150000
fifo,20,20,7,19124.600000
fifo,20,20,8,25778.700000
fifo,20,20,9,25718.350000
fifo,20,20,10,19543.450000
fifo,20,20,11,29917.100000
fifo,20,20,12,21996.950000
fifo,20,20,13,22433.700000
fifo,20,20,14,26091.650000
fifo,20,20,15,25691.950000
fifo,20,20,16,23102.500000
fifo,20,20,17,23415.900000
fifo,20,20,18,16444.100000
fifo,20,20,19,19887.200000
fifo,20,20,20,32230.800000
fifo,20,20,21,17085.050000
fifo,20,20,22,26098.600000
fifo,20,20,23,25148.500000
fifo,20,20,24,19260.300000
fifo,20,20,25,24764.700000
fifo,20,20,26,19862.850000
fifo,20,20,27,22744.950000
fifo,20,20,28,29889.650000
fifo,20,20,29,23198.450000
fifo,20,20,30,16617.700000
fifo,20,30,1,31865.566667
fifo,20,30,2,40901.400000
fifo,20,30,3,34377.666667
fifo,20,30,4,37886.600000
fifo,20,30,5,29023.766667
fifo,20,30,6,39644.700000
fifo,20,30,7,31255.700000
fifo,20,30,8,33377.666667
fifo,20,30,9,50120.866667
fifo,20,30,10,43345.966667
fifo,20,30,11,27908.033333
fifo,20,30,12,26344.600000
fifo,20,30,13,39101.966667
fifo,20,30,14,26149.600000
fifo,20,30,15,31152.933333
fifo,20,30,16,34095.100000
fifo,20,30,17,22196.800000
fifo,20,30,18,26068.666667
fifo,20,30,19,35699.066667
fifo,20,30,20,40451.933333
fifo,20,30,21,35821.800000
fifo,20,30,22,30712.800000
fifo,20,30,23,44954.400000
fifo,20,30,24,30517.666667
fifo,20,30,25,30336.733333
fifo,20,30,26,27794.900000
fifo,20,30,27,44314.500000
fifo,20,30,28,40111.300000
fifo,20,30,29,45030.666667
fifo,20,30,30,36857.666667
fifo,20,40,1,37029.825000
fifo,20,40,2,52811.825000
fifo,20,40,3,58227.550000
fifo,20,40,4,53745.350000
fifo,20,40,5,49012.975000
fifo,20,40,6,65189.725000
fifo,20,40,7,55381.750000
fifo,20,40,8,45403.325000
fifo,20,40,9,52092.325000
fifo,20,40,10,49627.050000
fifo,20,40,11,62327.125000
fifo,20,40,12,46360.525000
fifo,20,40,13,35389.125000
fifo,20,40,14,47151.175000
fifo,20,40,15,41934.950000
fifo,20,40,16,45480.000000
fifo,20,40,17,44024.100000
fifo,20,40,18,52254.475000
fifo,20,40,19,46191.875000
fifo,20,40,20,41949.875000
fifo,20,40,21,42070.900000
fifo,20,40,22,38666.675000
fifo,20,40,23,42234.300000
fifo,20,40,24,51073.550000
fifo,20,40,25,58873.200000
fifo,20,40,26,48956.100000
fifo,20,40,27,52812.775000
fifo,20,40,28,48989.275000
fifo,20,40,29,52095.950000
fifo,20,40,30,38464.150000
fifo,20,50,1,68471.020000
fifo,20,50,2,68192.840000
fifo,20,50,3,52090.660000
fifo,20,50,4,43797.380000
fifo,20,50,5,99801.160000
fifo,20,50,6,67544.620000
fifo,20,50,7,67924.180000
fifo,20,50,8,67331.000000
fifo,20,50,9,71045.540000
fifo,20,50,10,82175.400000
fifo,20,50,11,63415.680000
fifo,20,50,12,62214.460000
fifo,20,50,13,78504.480000
fifo,20,50,14,66903.120000
fifo,20,50,15,63167.180000
fifo,20,50,16,73338.520000
fifo,20,50,17,61922.220000
fifo,20,50,18,69373.560000
fifo,20,50,19,61335.320000
fifo,20,50,20,47082.460000
fifo,20,50,21,56206.220000
fifo,20,50,22,65496.640000
fifo,20,50,23,50781.880000
fifo,20,50,24,62530.580000
fifo,20,50,25,49864.240000
fifo,20,50,26,74834.560000
fifo,20,50,27,60784.940000
fifo,20,50,28,50767.220000
fifo,20,50,29,69117.320000
fifo,20,50,30,64967.800000
fifo,20,60,1,67365.500000
fifo,20,60,2,95803.366667
fifo,20,60,3,63982.250000
fifo,20,60,4,71608.550000
fifo,20,60,5,78890.700000
fifo,20,60,6,80855.966667
fifo,20,60,7,86833.650000
fifo,20,60,8,59464.833333
fifo,20,60,9,71541.316667
fifo,20,60,10,57518.850000
fifo,20,60,11,69870.183333
fifo,20,60,12,73757.833333
fifo,20,60,13,66826.000000
fifo,20,60,14,80458.250000
fifo,20,60,15,69820.133333
fifo,20,60,16,79073.883333
fifo,20,60,17,80369.600000
fifo,20,60,18,78300.716667
fifo,20,60,19,87803.800000
fifo,20,60,20,87345.100000
fifo,20,60,21,85629.900000
fifo,20,60,22,67909.550000
fifo,20,60,23,60653.183333
fifo,20,60,24,85928.850000
fifo,20,60,25,67542.366667
fifo,20,60,26,116207.333333
fifo,20,60,27,92216.833333
fifo,20,60,28,83349.166667
fifo,20,60,29,68665.100000
fifo,20,60,30,89370.950000
fifo,20,70,1,88130.771429
fifo,20,70,2,82051.171429
fifo,20,70,3,96190.014286
fifo,20,70,4,82250.785714
fifo,20,70,5,78843.857143
fifo,20,70,6,98603.057143
fifo,20,70,7,73205.757143
fifo,20,70,8,84502.771429
fifo,20,70,9,79956.142857
fifo,20,70,10,87319.628571
fifo,20,70,11,99973.957143
fifo,20,70,12,110642.585714
fifo,20,70,13,86763.914286
fifo,20,70,14,89202.328571
fifo,20,70,15,70172.271429
fifo,20,70,16,79922.928571
fifo,20,70,17,96079.642857
fifo,20,70,18,94580.885714
fifo,20,70,19,96318.571429
fifo,20,70,20,77610.714286
fifo,20,70,21,74748.871429
fifo,20,70,22,99341.314286
fifo,20,70,23,82529.671429
fifo,20,70,24,79666.985714
fifo,20,70,25,60785.528571
fifo,20,70,26,84710.414286
fifo,20,70,27,96966.900000
fifo,20,70,28,92940.128571
fifo,20,70,29,86071.700000
fifo,20,70,30,91674.500000
fifo,20,80,1,111327.700000
fifo,20,80,2,102501.075000
fifo,20,80,3,82443.637500
fifo,20,80,4,109811.937500
fifo,20,80,5,88428.750000
fifo,20,80,6,97821.900000
fifo,20,80,7,82637.550000
fifo,20,80,8,108595.537500
fifo,20,80,9,96375.825000
fifo,20,80,10,96630.337500
fifo,20,80,11,113326.650000
fifo,20,80,12,89198.637500
fifo,20,80,13,93860.675000
fifo,20,80,14,92482.137500
fifo,20,80,15,104638.750000
fifo,20,80,16,113229.937500
fifo,20,80,17,93626.425000
fifo,20,80,18,104343.562500
fifo,20,80,19,101010.337500
fifo,20,80,20,93219.137500
fifo,20,80,21,111746.225000
fifo,20,80,22,99911.500000
fifo,20,80,23,114582.500000
fifo,20,80,24,98252.587500
fifo,20,80,25,106385.562500
fifo,20,80,26,92803.087500
fifo,20,80,27,78125.875000
fifo,20,80,28,99373.925000
fifo,20,80,29,113495.250000
fifo,20,80,30,94208.437500
fifo,20,90,1,107119.300000
fifo,20,90,2,105867.811111
fifo,20,90,3,117290.800000
fifo,20,90,4,108666.933333
fifo,20,90,5,103457.188889
fifo,20,90,6,107204.988889
fifo,20,90,7,121901.222222
fifo,20,90,8,115280.966667
fifo,20,90,9,100764.455556
fifo,20,90,10,81594.655556
fifo,20,90,11,109589.377778
fifo,20,90,12,108803.600000
fifo,20,90,13,113000.722222
fifo,20,90,14,91360.888889
fifo,20,90,15,85693.355556
fifo,20,90,16,96369.688889
fifo,20,90,17,115486.855556
fifo,20,90,18,110872.600000
fifo,20,90,19,99194.300000
fifo,20,90,20,111593.477778
fifo,20,90,21,145452.555556
fifo,20,90,22,113875.688889
fifo,20,90,23,121444.822222
fifo,20,90,24,108831.566667
fifo,20,90,25,114353.200000
fifo,20,90,26,119790.844444
fifo,20,90,27,107549.866667
fifo,20,90,28,118829.055556
fifo,20,90,29,102637.411111
fifo,20,90,30,105687.133333
fifo,20,100,1,128473.750000
fifo,20,100,2,134599.260000
fifo,20,100,3,112801.490000
fifo,20,100,4,88515.210000
fifo,20,100,5,102552.470000
fifo,20,100,6,142864.210000
fifo,20,100,7,132887.030000
fifo,20,100,8,116205.020000
fifo,20,100,9,134728.250000
fifo,20,100,10,121498.770000
fifo,20,100,11,111650.650000
fifo,20,100,12,122389.230000
fifo,20,100,13,129459.100000
fifo,20,100,14,128884.160000
fifo,20,100,15,127534.410000
fifo,20,100,16,110770.180000
fifo,20,100,17,119498.200000
fifo,20,100,18,122912.750000
fifo,20,100,19,115631.530000
fifo,20,100,20,133659.440000
fifo,20,100,21,119603.990000
fifo,20,100,22,126856.350000
fifo,20,100,23,120706.970000
fifo,20,100,24,131959.310000
fifo,20,100,25,142812.900000
fifo,20,100,26,135693.160000
fifo,20,100,27,123236.420000
fifo,20,100,28,133369.830000
fifo,20,100,29,133004.340000
fifo,20,100,30,120988.940000
fifo,30,10,1,7440.700000
fifo,30,10,2,8911.400000
fifo,30,10,3,8784.400000
fifo,30,10,4,7883.800000
fifo,30,10,5,6476.600000
fifo,30,10,6,10127.200000
fifo,30,10,7,7398.400000
fifo,30,10,8,10851.100000
fifo,30,10,9,9637.500000
fifo,30,10,10,8389.300000
fifo,30,10,11,7887.900000
fifo,30,10,12,11879.400000
fifo,30,10,13,12580.500000
fifo,30,10,14,7750.900000
fifo,30,10,15,6471.600000
fifo,30,10,16,13617.500000
fifo,30,10,17,5737.300000
fifo,30,10,18,8453.400000
fifo,30,10,19,9039.200000
fifo,30,10,20,10541.800000
fifo,30,10,21,7885.700000
fifo,30,10,22,10956.300000
fifo,30,10,23,13209.500000
fifo,30,10,24,10287.400000
fifo,30,10,25,9155.500000
fifo,30,10,26,10936.600000
fifo,30,10,27,7184.500000
fifo,30,10,28,6019.600000
fifo,30,10,29,11456.000000
fifo,30,10,30,4574.600000
fifo,30,20,1,19060.600000
fifo,30,20,2,22555.250000
fifo,30,20,3,19595.750000
fifo,30,20,4,19007.250000
fifo,30,20,5,15137.750000
fifo,30,20,6,22576.750000
fifo,30,20,7,17397.050000
fifo,30,20,8,13932.100000
fifo,30,20,9,21776.400000
fifo,30,20,10,20843.450000
fifo,30,20,11,10739.350000
fifo,30,20,12,26557.700000
fifo,30,20,13,16602.900000
fifo,30,20,14,24626.500000
fifo,30,20,15,12256.050000
fifo,30,20,16,24458.050000
fifo,30,20,17,16735.000000
fifo,30,20,18,21307.200000
fifo,30,20,19,15981.900000
fifo,30,20,20,14959.600000
fifo,30,20,21,30894.600000
fifo,30,20,22,17411.600000
fifo,30,20,23,14798.700000
fifo,30,20,24,16603.150000
fifo,30,20,25,18317.350000
fifo,30,20,26,16043.250000
fifo,30,20,27,24178.550000
fifo,30,20,28,26020.950000
fifo,30,20,29,20791.350000
fifo,30,20,30,23213.550000
fifo,30,30,1,19738.666667
fifo,30,30,2,26857.433333
fifo,30,30,3,24412.666667
fifo,30,30,4,21885.666667
fifo,30,30,5,21659.566667
fifo,30,30,6,28779.433333
fifo,30,30,7,26841.100000
fifo,30,30,8,19640.666667
fifo,30,30,9,26523.433333
fifo,30,30,10,30753.733333
fifo,30,30,11,23795.200000
fifo,30,30,12,23565.466667
fifo,30,30,13,21801.200000
fifo,30,30,14,32437.333333
fifo,30,30,15,26950.266667
fifo,30,30,16,23092.766667
fifo,30,30,17,24973.033333
fifo,30,30,18,30411.500000
fifo,30,30,19,21999.566667
fifo,30,30,20,25903.466667
fifo,30,30,21,35554.500000
fifo,30,30,22,31499.200000
fifo,30,30,23,19472.133333
fifo,30,30,24,18354.266667
fifo,30,30,25,31577.900000
fifo,30,30,26,30939.766667
fifo,30,30,27,26399.500000
fifo,30,30,28,21531.533333
fifo,30,30,29,31875.133333
fifo,30,30,30,32248.966667
fifo,30,40,1,38533.325000
fifo,30,40,2,35330.325000
fifo,30,40,3,44787.000000
fifo,30,40,4,33884.975000
fifo,30,40,5,39922.000000
fifo,30,40,6,38137.050000
fifo,30,40,7,32008.925000
fifo,30,40,8,44231.775000
fifo,30,40,9,35808.200000
fifo,30,40,10,30205.575000
fifo,30,40,11,33480.500000
fifo,30,40,12,22342.425000
fifo,30,40,13,35078.175000
fifo,30,40,14,37104.725000
fifo,30,40,15,34615.150000
fifo,30,40,16,30163.800000
fifo,30,40,17,30624.675000
fifo,30,40,18,37283.975000
fifo,30,40,19,28296.150000
fifo,30,40,20,29956.050000
fifo,30,40,21,30868.425000
fifo,30,40,22,27329.275000
fifo,30,40,23,29854.650000
fifo,30,40,24,35007.525000
fifo,30,40,25,32040.350000
fifo,30,40,26,33596.850000
fifo,30,40,27,41414.275000
fifo,30,40,28,39918.000000
fifo,30,40,29,44225.200000
fifo,30,40,30,29534.725000
fifo,30,50,1,51073.840000
fifo,30,50,2,49870.520000
fifo,30,50,3,44634.400000
fifo,30,50,4,46671.300000
fifo,30,50,5,49610.060000
fifo,30,50,6,41768.000000
fifo,30,50,7,31357.360000
fifo,30,50,8,44991.520000
fifo,30,50,9,40075.860000
fifo,30,50,10,45292.740000
fifo,30,50,11,39414.400000
fifo,30,50,12,38670.200000
fifo,30,50,13,46897.040000
fifo,30,50,14,37571.300000
fifo,30,50,15,52522.580000
fifo,30,50,16,51545.060000
fifo,30,50,17,48389.140000
fifo,30,50,18,40690.840000
fifo,30,50,19,38413.300000
fifo,30,50,20,49311.860000
fifo,30,50,21,53228.240000
fifo,30,50,22,46216.220000
fifo,30,50,23,47628.560000
fifo,30,50,24,50712.420000
fifo,30,50,25,38600.560000
fifo,30,50,26,45839.560000
fifo,30,50,27,44237.900000
fifo,30,50,28,42302.880000
fifo,30,50,29,52747.720000
fifo,30,50,30,54468.880000
fifo,30,60,1,45880.883333
fifo,30,60,2,56342.250000
fifo,30,60,3,61538.133333
fifo,30,60,4,46182.883333
fifo,30,60,5,51218.500000
fifo,30,60,6,48043.500000
fifo,30,60,7,67706.133333
fifo,30,60,8,45941.616667
fifo,30,60,9,45933.783333
fifo,30,60,10,45631.733333
fifo,30,60,11,51639.233333
fifo,30,60,12,54732.400000
fifo,30,60,13,54206.800000
fifo,30,60,14,45871.150000
fifo,30,60,15,60156.333333
fifo,30,60,16,55201.916667
fifo,30,60,17,46317.966667
fifo,30,60,18,53899.366667
fifo,30,60,19,61897.450000
fifo,30,60,20,49585.433333
fifo,30,60,21,44767.083333
fifo,30,60,22,50147.783333
fifo,30,60,23,46246.016667
fifo,30,60,24,52307.683333
fifo,30,60,25,45393.250000
fifo,30,60,26,50532.116667
fifo,30,60,27,58407.133333
fifo,30,60,28,58691.150000
fifo,30,60,29,45446.333333
fifo,30,60,30,50297.550000
fifo,30,70,1,75247.071429
fifo,30,70,2,61773.485714
fifo,30,70,3,48984.228571
fifo,30,70,4,57554.442857
fifo,30,70,5,70042.028571
fifo,30,70,6,63747.614286
fifo,30,70,7,62050.142857
fifo,30,70,8,55608.257143
fifo,30,70,9,61056.400000
fifo,30,70,10,60969.557143
fifo,30,70,11,61047.171429
fifo,30,70,12,60691.985714
fifo,30,70,13,71832.257143
fifo,30,70,14,53825.485714
fifo,30,70,15,64652.114286
fifo,30,70,16,57420.857143
fifo,30,70,17,64005.171429
fifo,30,70,18,64813.700000
fifo,30,70,19,57741.800000
fifo,30,70,20,46689.528571
fifo,30,70,21,67137.171429
fifo,30,70,22,74473.828571
fifo,30,70,23,68202.942857
fifo,30,70,24,61730.142857
fifo,30,70,25,58463.242857
fifo,30,70,26,52459.442857
fifo,30,70,27,62483.357143
fifo,30,70,28,58337.157143
fifo,30,70,29,46162.071429
fifo,30,70,30,81118.057143
fifo,30,80,1,75407.050000
fifo,30,80,2,72251.650000
fifo,30,80,3,64139.050000
fifo,30,80,4,65882.712500
fifo,30,80,5,78329.537500
fifo,30,80,6,76859.237500
fifo,30,80,7,72013.237500
fifo,30,80,8,74365.450000
fifo,30,80,9,64512.525000
fifo,30,80,10,74286.012500
fifo,30,80,11,63518.625000
fifo,30,80,12,77453.975000
fifo,30,80,13,73887.725000
fifo,30,80,14,58186.800000
fifo,30,80,15,65999.912500
fifo,30,80,16,78492.162500
fifo,30,80,17,86606.750000
fifo,30,80,18,64310.637500
fifo,30,80,19,61880.162500
fifo,30,80,20,74718.012500
fifo,30,80,21,60189.337500
fifo,30,80,22,77132.387500
fifo,30,80,23,72311.850000
fifo,30,80,24,55820.187500
fifo,30,80,25,54375.912500
fifo,30,80,26,66990.050000
fifo,30,80,27,61043.137500
fifo,30,80,28,59217.987500
fifo,30,80,29,85124.925000
fifo,30,80,30,68714.000000
fifo,30,90,1,84916.111111
fifo,30,90,2,75008.244444
fifo,30,90,3,71471.000000
fifo,30,90,4,80288.388889
fifo,30,90,5,75192.166667
fifo,30,90,6,60372.233333
fifo,30,90,7,78794.944444
fifo,30,90,8,90349.711111
fifo,30,90,9,85575.555556
fifo,30,90,10,88670.955556
fifo,30,90,11,74537.277778
fifo,30,90,12,72521.111111
fifo,30,90,13,82354.377778
fifo,30,90,14,92298.722222
fifo,30,90,15,64162.644444
fifo,30,90,16,74675.166667
fifo,30,90,17,87688.411111
fifo,30,90,18,79419.355556
fifo,30,90,19,70923.322222
fifo,30,90,20,78317.144444
fifo,30,90,21,67816.366667
fifo,30,90,22,90965.222222
fifo,30,90,23,69671.233333
fifo,30,90,24,72407.477778
fifo,30,90,25,81988.644444
fifo,30,90,26,87204.244444
fifo,30,90,27,81196.377778
fifo,30,90,28,65479.066667
fifo,30,90,29,70675.977778
fifo,30,90,30,83893.333333
fifo,30,100,1,87289.890000
fifo,30,100,2,79215.570000
fifo,30,100,3,80960.070000
fifo,30,100,4,78919.550000
fifo,30,100,5,83459.290000
fifo,30,100,6,87625.160000
fifo,30,100,7,80329.740000
fifo,30,100,8,93891.100000
fifo,30,100,9,96103.590000
fifo,30,100,10,102175.630000
fifo,30,100,11,93406.660000
fifo,30,100,12,86869.830000
fifo,30,100,13,97116.960000
fifo,30,100,14,94481.240000
fifo,30,100,15,82588.280000
fifo,30,100,16,88998.810000
fifo,30,100,17,70160.240000
fifo,30,100,18,97073.790000
fifo,30,100,19,100999.580000
fifo,30,100,20,80962.200000
fifo,30,100,21,83656.760000
fifo,30,100,22,89759.330000
fifo,30,100,23,91044.470000
fifo,30,100,24,108493.400000
fifo,30,100,25,80181.010000
fifo,30,100,26,82489.020000
fifo,30,100,27,79426.530000
fifo,30,100,28,91944.450000
fifo,30,100,29,104185.850000
fifo,30,100,30,85775.250000
sjf,10,10,1,10996.200000
sjf,10,10,2,10457.700000
sjf,10,10,3,11408.000000
sjf,10,10,4,9194.400000
sjf,10,10,5,10951.900000
sjf,10,10,6,10964.900000
sjf,10,10,7,9830.600000
sjf,10,10,8,8809.700000
sjf,10,10,9,6321.300000
sjf,10,10,10,13138.000000
sjf,10,10,11,9945.000000
sjf,10,10,12,10643.600000
sjf,10,10,13,11904.100000
sjf,10,10,14,12719.900000
sjf,10,10,15,7949.200000
sjf,10,10,16,4563.900000
sjf,10,10,17,11709.700000
sjf,10,10,18,7677.300000
sjf,10,10,19,9938.000000
sjf,10,10,20,12287.900000
sjf,10,10,21,9004.400000
sjf,10,10,22,6540.300000
sjf,10,10,23,11464.500000
sjf,10,10,24,10582.400000
sjf,10,10,25,10679.300000
sjf,10,10,26,15227.000000
sjf,10,10,27,9522.700000
sjf,10,10,28,14704.300000
sjf,10,10,29,14314.600000
sjf,10,10,30,11085.600000
sjf,10,20,1,27363.600000
sjf,10,20,2,17888.300000
sjf,10,20,3,12985.200000
sjf,10,20,4,27247.400000
sjf,10,20,5,28997.450000
sjf,10,20,6,23493.350000
sjf,10,20,7,15245.500000
sjf,10,20,8,16742.850000
sjf,10,20,9,19526.450000
sjf,10,20,10,19519.950000
sjf,10,20,11,22145.100000
sjf,10,20,12,20610.900000
sjf,10,20,13,30419.400000
sjf,10,20,14,23119.950000
sjf,10,20,15,15541.350000
sjf,10,20,16,20172.800000
sjf,10,20,17,16896.700000
sjf,10,20,18,18980.150000
sjf,10,20,19,19498.900000
sjf,10,20,20,11737.950000
sjf,10,20,21,23937.600000
sjf,10,20,22,19636.150000
sjf,10,20,23,17521.500000
sjf,10,20,24,20446.600000
sjf,10,20,25,25615.850000
sjf,10,20,26,20305.750000
sjf,10,20,27,21741.900000
sjf,10,20,28,33400.800000
sjf,10,20,29,17290.200000
sjf,10,20,30,21055.850000
sjf,10,30,1,28708.433333
sjf,10,30,2,25760.066667
sjf,10,30,3,26374.966667
sjf,10,30,4,39733.100000
sjf,10,30,5,41445.933333
sjf,10,30,6,33545.566667
sjf,10,30,7,27166.800000
sjf,10,30,8,27597.500000
sjf,10,30,9,30764.933333
sjf,10,30,10,28581.866667
sjf,10,30,11,30692.466667
sjf,10,30,12,22672.366667
sjf,10,30,13,34744.066667
sjf,10,30,14,25692.300000
sjf,10,30,15,28917.066667
sjf,10,30,16,44547.633333
sjf,10,30,17,34644.333333
sjf,10,30,18,33312.200000
sjf,10,30,19,32285.300000
sjf,10,30,20,20860.966667
sjf,10,30,21,31208.366667
sjf,10,30,22,24934.966667
sjf,10,30,23,27052.966667
sjf,10,30,24,23481.066667
sjf,10,30,25,27364.066667
sjf,10,30,26,38256.466667
sjf,10,30,27,26599.533333
sjf,10,30,28,37534.800000
sjf,10,30,29,27485.066667
sjf,10,30,30,28575.433333
sjf,10,40,1,35556.550000
sjf,10,40,2,35741.150000
sjf,10,40,3,42046.050000
sjf,10,40,4,43646.550000
sjf,10,40,5,34680.050000
sjf,10,40,6,38683.275000
sjf,10,40,7,39343.025000
sjf,10,40,8,33772.050000
sjf,10,40,9,43418.725000
sjf,10,40,10,43263.825000
sjf,10,40,11,32784.575000
sjf,10,40,12,49183.325000
sjf,10,40,13,27673.250000
sjf,10,40,14,39139.900000
sjf,10,40,15,41393.125000
sjf,10,40,16,35109.650000
sjf,10,40,17,33072.825000
sjf,10,40,18,39468.825000
sjf,10,40,19,35839.175000
sjf,10,40,20,41814.700000
sjf,10,40,21,45416.425000
sjf,10,40,22,42390.350000
sjf,10,40,23,46113.000000
sjf,10,40,24,47582.050000
sjf,10,40,25,36595.350000
sjf,10,40,26,33842.300000
sjf,10,40,27,23272.075000
sjf,10,40,28,36525.275000
sjf,10,40,29,43748.475000
sjf,10,40,30,43454.475000
sjf,10,50,1,44229.120000
sjf,10,50,2,42439.000000
sjf,10,50,3,43574.800000
sjf,10,50,4,53919.960000
sjf,10,50,5,39830.780000
sjf,10,50,6,43433.460000
sjf,10,50,7,60510.280000
sjf,10,50,8,48600.680000
sjf,10,50,9,57779.260000
sjf,10,50,10,57698.800000
sjf,10,50,11,43599.820000
sjf,10,50,12,52632.300000
sjf,10,50,13,47851.640000
sjf,10,50,14,38023.200000
sjf,10,50,15,43610.220000
sjf,10,50,16,32894.600000
sjf,10,50,17,49336.440000
sjf,10,50,18,41238.400000
sjf,10,50,19,46623.960000
sjf,10,50,20,67012.900000
sjf,10,50,21,41970.660000
sjf,10,50,22,41537.940000
sjf,10,50,23,63928.120000
sjf,10,50,24,39808.620000
sjf,10,50,25,57954.760000
sjf,10,50,26,65975.800000
sjf,10,50,27,54060.400000
sjf,10,50,28,54100.860000
sjf,10,50,29,55080.240000
sjf,10,50,30,54014.220000
sjf,10,60,1,56066.683333
sjf,10,60,2,54845.850000
sjf,10,60,3,56941.066667
sjf,10,60,4,60562.483333
sjf,10,60,5,57392.233333
sjf,10,60,6,40760.650000
sjf,10,60,7,60951.650000
sjf,10,60,8,55848.750000
sjf,10,60,9,71525.200000
sjf,10,60,10,52301.950000
sjf,10,60,11,71829.266667
sjf,10,60,12,46032.383333
sjf,10,60,13,40649.933333
sjf,10,60,14,53128.650000
sjf,10,60,15,50403.533333
sjf,10,60,16,62236.633333
sjf,10,60,17,59610.466667
sjf,10,60,18,50639.966667
sjf,10,60,19,35436.250000
sjf,10,60,20,55788.483333
sjf,10,60,21,70397.000000
sjf,10,60,22,67994.233333
sjf,10,60,23,61352.400000
sjf,10,60,24,67150.466667
sjf,10,60,25,63573.716667
sjf,10,60,26,65191.483333
sjf,10,60,27,49132.850000
sjf,10,60,28,65487.816667
sjf,10,60,29,64792.066667
sjf,10,60,30,69122.716667
sjf,10,70,1,69547.871429
sjf,10,70,2,73040.985714
sjf,10,70,3,69469.000000
sjf,10,70,4,86562.142857
sjf,10,70,5,72210.800000
sjf,10,70,6,80489.571429
sjf,10,70,7,68030.914286
sjf,10,70,8,65675.200000
sjf,10,70,9,69247.742857
sjf,10,70,10,72476.642857
sjf,10,70,11,51052.628571
sjf,10,70,12,73205.628571
sjf,10,70,13,73209.114286
sjf,10,70,14,92373.042857
sjf,10,70,15,73477.442857
sjf,10,70,16,69675.828571
sjf,10,70,17,57907.100000
sjf,10,70,18,62376.614286
sjf,10,70,19,97853.700000
sjf,10,70,20,80265.842857
sjf,10,70,21,70239.671429
sjf,10,70,22,78263.285714
sjf,10,70,23,85346.700000
sjf,10,70,24,68470.185714
sjf,10,70,25,74550.542857
sjf,10,70,26,63567.614286
sjf,10,70,27,93338.214286
sjf,10,70,28,65068.585714
sjf,10,70,29,71136.371429
sjf,10,70,30,54391.400000
sjf,10,80,1,73626.075000
sjf,10,80,2,94733.825000
sjf,10,80,3,101287.475000
sjf,10,80,4,86852.250000
sjf,10,80,5,74869.062500
sjf,10,80,6,73486.300000
sjf,10,80,7,82043.500000
sjf,10,80,8,79603.650000
sjf,10,80,9,76297.587500
sjf,10,80,10,81950.962500
sjf,10,80,11,59090.337500
sjf,10,80,12,75257.475000
sjf,10,80,13,84868.387500
sjf,10,80,14,92914.375000
sjf,10,80,15,81062.425000
sjf,10,80,16,114161.362500
sjf,10,80,17,80700.350000
sjf,10,80,18,76754.775000
sjf,10,80,19,82017.225000
sjf,10,80,20,82623.487500
sjf,10,80,21,78779.925000
sjf,10,80,22,87513.637500
sjf,10,80,23,95466.700000
sjf,10,80,24,69006.737500
sjf,10,80,25,86597.362500
sjf,10,80,26,75520.887500
sjf,10,80,27,81407.812500
sjf,10,80,28,57565.150000
sjf,10,80,29,79612.000000
sjf,10,80,30,88436.975000
sjf,10,90,1,75409.322222
sjf,10,90,2,111981.944444
sjf,10,90,3,107757.055556
sjf,10,90,4,88017.544444
sjf,10,90,5,99750.311111
sjf,10,90,6,93080.355556
sjf,10,90,7,98182.433333
sjf,10,90,8,83266.322222
sjf,10,90,9,86585.866667
sjf,10,90,10,71573.544444
sjf,10,90,11,95546.455556
sjf,10,90,12,79534.200000
sjf,10,90,13,86186.677778
sjf,10,90,14,80461.744444
sjf,10,90,15,78381.944444
sjf,10,90,16,94599.166667
sjf,10,90,17,90979.233333
sjf,10,90,18,104051.644444
sjf,10,90,19,96597.622222
sjf,10,90,20,81540.955556
sjf,10,90,21,71343.488889
sjf,10,90,22,90860.766667
sjf,10,90,23,90805.444444
sjf,10,90,24,94121.122222
sjf,10,90,25,92431.644444
sjf,10,90,26,84817.400000
sjf,10,90,27,77187.688889
sjf,10,90,28,91043.044444
sjf,10,90,29,92489.622222
sjf,10,90,30,89288.422222
sjf,10,100,1,88346.040000
sjf,10,100,2,101554.560000
sjf,10,100,3,104487.360000
sjf,10,100,4,99112.350000
sjf,10,100,5,108388.100000
sjf,10,100,6,92524.480000
sjf,10,100,7,105965.300000
sjf,10,100,8,91610.080000
sjf,10,100,9,114918.120000
sjf,10,100,10,108084.360000
sjf,10,100,11,102117.740000
sjf,10,100,12,110879.760000
sjf,10,100,13,121955.520000
sjf,10,100,14,93307.810000
sjf,10,100,15,94310.100000
sjf,10,100,16,94078.060000
sjf,10,100,17,117222.840000
sjf,10,100,18,113550.050000
sjf,10,100,19,108205.830000
sjf,10,100,20,99342.860000
sjf,10,100,21,97598.450000
sjf,10,100,22,109682.150000
sjf,10,100,23,89701.750000
sjf,10,100,24,92943.660000
sjf,10,100,25,79143.380000
sjf,10,100,26,106129.580000
sjf,10,100,27,95909.730000
sjf,10,100,28,102687.750000
sjf,10,100,29,97742.560000
sjf,10,100,30,97530.710000
sjf,20,10,1,4618.000000
sjf,20,10,2,4295.900000
sjf,20,10,3,3481.400000
sjf,20,10,4,7070.700000
sjf,20,10,5,5533.000000
sjf,20,10,6,3754.700000
sjf,20,10,7,5656.600000
sjf,20,10,8,4906.800000
sjf,20,10,9,5357.900000
sjf,20,10,10,7490.100000
sjf,20,10,11,7607.900000
sjf,20,10,12,7183.800000
sjf,20,10,13,7983.100000
sjf,20,10,14,5330.400000
sjf,20,10,15,6757.300000
sjf,20,10,16,7314.600000
sjf,20,10,17,4620.900000
sjf,20,10,18,6136.700000
sjf,20,10,19,5546.000000
sjf,20,10,20,7488.400000
sjf,20,10,21,5764.700000
sjf,20,10,22,7621.800000
sjf,20,10,23,8594.200000
sjf,20,10,24,4256.000000
sjf,20,10,25,4279.600000
sjf,20,10,26,8079.400000
sjf,20,10,27,10091.900000
sjf,20,10,28,5232.000000
sjf,20,10,29,3912.900000
sjf,20,10,30,6901.100000
sjf,20,20,1,14975.200000
sjf,20,20,2,18475.000000
sjf,20,20,3,10186.950000
sjf,20,20,4,10433.850000
sjf,20,20,5,9779.000000
sjf,20,20,6,11766.700000
sjf,20,20,7,12026.250000
sjf,20,20,8,13759.900000
sjf,20,20,9,8424.450000
sjf,20,20,10,15152.100000
sjf,20,20,11,12639.850000
sjf,20,20,12,18600.600000
sjf,20,20,13,11032.850000
sjf,20,20,14,11657.050000
sjf,20,20,15,12974.700000
sjf,20,20,16,13372.500000
sjf,20,20,17,12086.300000
sjf,20,20,18,11537.100000
sjf,20,20,19,9440.550000
sjf,20,20,20,10401.200000
sjf,20,20,21,10427.650000
sjf,20,20,22,10388.950000
sjf,20,20,23,9154.350000
sjf,20,20,24,10014.150000
sjf,20,20,25,9804.350000
sjf,20,20,26,13539.000000
sjf,20,20,27,10767.700000
sjf,20,20,28,8179.950000
sjf,20,20,29,8795.600000
sjf,20,20,30,7514.150000
sjf,20,30,1,13413.766667
sjf,20,30,2,14803.766667
sjf,20,30,3,18603.633333
sjf,20,30,4,13845.800000
sjf,20,30,5,16783.300000
sjf,20,30,6,17658.233333
sjf,20,30,7,16239.600000
sjf,20,30,8,16506.566667
sjf,20,30,9,18279.933333
sjf,20,30,10,16145.633333
sjf,20,30,11,16632.000000
sjf,20,30,12,17842.800000
sjf,20,30,13,19733.866667
sjf,20,30,14,13690.366667
sjf,20,30,15,19646.833333
sjf,20,30,16,17230.166667
sjf,20,30,17,14422.600000
sjf,20,30,18,25623.500000
sjf,20,30,19,16475.933333
sjf,20,30,20,19135.233333
sjf,20,30,21,14388.866667
sjf,20,30,22,12231.866667
sjf,20,30,23,16087.933333
sjf,20,30,24,16237.666667
sjf,20,30,25,15918.166667
sjf,20,30,26,18952.766667
sjf,20,30,27,13255.800000
sjf,20,30,28,11387.866667
sjf,20,30,29,15498.066667
sjf,20,30,30,22913.133333
sjf,20,40,1,23304.325000
sjf,20,40,2,24149.650000
sjf,20,40,3,17061.475000
sjf,20,40,4,16864.850000
sjf,20,40,5,24634.100000
sjf,20,40,6,20600.975000
sjf,20,40,7,24169.200000
sjf,20,40,8,24483.425000
sjf,20,40,9,30846.950000
sjf,20,40,10,23573.500000
sjf,20,40,11,22349.600000
sjf,20,40,12,27207.475000
sjf,20,40,13,25293.775000
sjf,20,40,14,24717.025000
sjf,20,40,15,27342.650000
sjf,20,40,16,26054.400000
sjf,20,40,17,23535.400000
sjf,20,40,18,18396.850000
sjf,20,40,19,18001.975000
sjf,20,40,20,17050.450000
sjf,20,40,21,24889.900000
sjf,20,40,22,27878.075000
sjf,20,40,23,21484.150000
sjf,20,40,24,17049.125000
sjf,20,40,25,19486.450000
sjf,20,40,26,34333.100000
sjf,20,40,27,27267.775000
sjf,20,40,28,27184.375000
sjf,20,40,29,17303.125000
sjf,20,40,30,21296.225000
sjf,20,50,1,29822.580000
sjf,20,50,2,27974.520000
sjf,20,50,3,23108.180000
sjf,20,50,4,27876.500000
sjf,20,50,5,27559.680000
sjf,20,50,6,41780.160000
sjf,20,50,7,25582.140000
sjf,20,50,8,33108.180000
sjf,20,50,9,34193.440000
sjf,20,50,10,34414.040000
sjf,20,50,11,30477.920000
sjf,20,50,12,39565.580000
sjf,20,50,13,30889.220000
sjf,20,50,14,27425.920000
sjf,20,50,15,28069.140000
sjf,20,50,16,26314.300000
sjf,20,50,17,30757.980000
sjf,20,50,18,26031.020000
sjf,20,50,19,25400.760000
sjf,20,50,20,37505.120000
sjf,20,50,21,29286.160000
sjf,20,50,22,29035.320000
sjf,20,50,23,25599.920000
sjf,20,50,24,24250.000000
sjf,20,50,25,24438.740000
sjf,20,50,26,31868.600000
sjf,20,50,27,32115.080000
sjf,20,50,28,29306.560000
sjf,20,50,29,36803.100000
sjf,20,50,30,28589.300000
sjf,20,60,1,31154.166667
sjf,20,60,2,27634.700000
sjf,20,60,3,34741.716667
sjf,20,60,4,36293.600000
sjf,20,60,5,36900.166667
sjf,20,60,6,35148.950000
sjf,20,60,7,30416.700000
sjf,20,60,8,28994.083333
sjf,20,60,9,33589.400000
sjf,20,60,10,32535.600000
sjf,20,60,11,34534.500000
sjf,20,60,12,24187.583333
sjf,20,60,13,38898.983333
sjf,20,60,14,30300.550000
sjf,20,60,15,34138.900000
sjf,20,60,16,37669.616667
sjf,20,60,17,38764.350000
sjf,20,60,18,28119.083333
sjf,20,60,19,37244.833333
sjf,20,60,20,30055.133333
sjf,20,60,21,40514.900000
sjf,20,60,22,38824.966667
sjf,20,60,23,35412.616667
sjf,20,60,24,33095.333333
sjf,20,60,25,30308.150000
sjf,20,60,26,44194.766667
sjf,20,60,27,28674.350000
sjf,20,60,28,34967.066667
sjf,20,60,29,34809.750000
sjf,20,60,30,31254.800000
sjf,20,70,1,48315.214286
sjf,20,70,2,40647.085714
sjf,20,70,3,34815.357143
sjf,20,70,4,40861.057143
sjf,20,70,5,36680.228571
sjf,20,70,6,49384.300000
sjf,20,70,7,46335.685714
sjf,20,70,8,35866.800000
sjf,20,70,9,39978.542857
sjf,20,70,10,39529.028571
sjf,20,70,11,41770.514286
sjf,20,70,12,42816.700000
sjf,20,70,13,42252.371429
sjf,20,70,14,46708.085714
sjf,20,70,15,33911.128571
sjf,20,70,16,39441.957143
sjf,20,70,17,40853.985714
sjf,20,70,18,43011.714286
sjf,20,70,19,34121.757143
sjf,20,70,20,36193.242857
sjf,20,70,21,49677.385714
sjf,20,70,22,36405.628571
sjf,20,70,23,44054.400000
sjf,20,70,24,47458.800000
sjf,20,70,25,46203.328571
sjf,20,70,26,31728.185714
sjf,20,70,27,44294.085714
sjf,20,70,28,46120.628571
sjf,20,70,29,36711.114286
sjf,20,70,30,34955.657143
sjf,20,80,1,46392.362500
sjf,20,80,2,40342.287500
sjf,20,80,3,54732.162500
sjf,20,80,4,47698.437500
sjf,20,80,5,35486.625000
sjf,20,80,6,64640.975000
sjf,20,80,7,49077.675000
sjf,20,80,8,36959.200000
sjf,20,80,9,45916.287500
sjf,20,80,10,44782.550000
sjf,20,80,11,39105.012500
sjf,20,80,12,44044.750000
sjf,20,80,13,44068.662500
sjf,20,80,14,49208.200000
sjf,20,80,15,45593.500000
sjf,20,80,16,49906.125000
sjf,20,80,17,43051.150000
sjf,20,80,18,51587.512500
sjf,20,80,19,42430.050000
sjf,20,80,20,36817.775000
sjf,20,80,21,40182.512500
sjf,20,80,22,45910.175000
sjf,20,80,23,41922.550000
sjf,20,80,24,48665.625000
sjf,20,80,25,42489.725000
sjf,20,80,26,38000.275000
sjf,20,80,27,43307.100000
sjf,20,80,28,32321.162500
sjf,20,80,29,43939.787500
sjf,20,80,30,49023.762500
sjf,20,90,1,45645.277778
sjf,20,90,2,45469.633333
sjf,20,90,3,53026.522222
sjf,20,90,4,56818.788889
sjf,20,90,5,51991.455556
sjf,20,90,6,52619.644444
sjf,20,90,7,48418.077778
sjf,20,90,8,52807.422222
sjf,20,90,9,42616.433333
sjf,20,90,10,47745.288889
sjf,20,90,11,47943.122222
sjf,20,90,12,43493.822222
sjf,20,90,13,51924.211111
sjf,20,90,14,51322.633333
sjf,20,90,15,43686.611111
sjf,20,90,16,55686.188889
sjf,20,90,17,53600.133333
sjf,20,90,18,54218.100000
sjf,20,90,19,58590.900000
sjf,20,90,20,54083.788889
sjf,20,90,21,47824.700000
sjf,20,90,22,54839.177778
sjf,20,90,23,62770.533333
sjf,20,90,24,48535.288889
sjf,20,90,25,53072.711111
sjf,20,90,26,53565.155556
sjf,20,90,27,45535.677778
sjf,20,90,28,49899.255556
sjf,20,90,29,46458.622222
sjf,20,90,30,50173.777778
sjf,20,100,1,62822.820000
sjf,20,100,2,58249.260000
sjf,20,100,3,56093.490000
sjf,20,100,4,59860.760000
sjf,20,100,5,49982.200000
sjf,20,100,6,52406.540000
sjf,20,100,7,54506.090000
sjf,20,100,8,46606.890000
sjf,20,100,9,48388.330000
sjf,20,100,10,64302.630000
sjf,20,100,11,54279.130000
sjf,20,100,12,51959.380000
sjf,20,100,13,53411.460000
sjf,20,100,14,44344.180000
sjf,20,100,15,47068.770000
sjf,20,100,16,69049.660000
sjf,20,100,17,63982.990000
sjf,20,100,18,56159.180000
sjf,20,100,19,50062.230000
sjf,20,100,20,58349.560000
sjf,20,100,21,64771.090000
sjf,20,100,22,52269.270000
sjf,20,100,23,49955.270000
sjf,20,100,24,58877.280000
sjf,20,100,25,53265.440000
sjf,20,100,26,55289.290000
sjf,20,100,27,57521.480000
sjf,20,100,28,55604.260000
sjf,20,100,29,62433.580000
sjf,20,100,30,42312.950000
sjf,30,10,1,4885.200000
sjf,30,10,2,3819.500000
sjf,30,10,3,3904.400000
sjf,30,10,4,4946.900000
sjf,30,10,5,4831.400000
sjf,30,10,6,5974.700000
sjf,30,10,7,5212.600000
sjf,30,10,8,5382.300000
sjf,30,10,9,4903.300000
sjf,30,10,10,5892.100000
sjf,30,10,11,6271.200000
sjf,30,10,12,4174.300000
sjf,30,10,13,5890.700000
sjf,30,10,14,4855.600000
sjf,30,10,15,3923.800000
sjf,30,10,16,5200.500000
sjf,30,10,17,7061.300000
sjf,30,10,18,7882.600000
sjf,30,10,19,7998.300000
sjf,30,10,20,6033.800000
sjf,30,10,21,5309.100000
sjf,30,10,22,3719.900000
sjf,30,10,23,5370.300000
sjf,30,10,24,2867.100000
sjf,30,10,25,4921.400000
sjf,30,10,26,4846.300000
sjf,30,10,27,4286.700000
sjf,30,10,28,3038.300000
sjf,30,10,29,4617.900000
sjf,30,10,30,6849.500000
sjf,30,20,1,9806.600000
sjf,30,20,2,8754.050000
sjf,30,20,3,9191.200000
sjf,30,20,4,8021.350000
sjf,30,20,5,7859.800000
sjf,30,20,6,6653.700000
sjf,30,20,7,8561.650000
sjf,30,20,8,9780.950000
sjf,30,20,9,9481.300000
sjf,30,20,10,8965.150000
sjf,30,20,11,13658.950000
sjf,30,20,12,12569.500000
sjf,30,20,13,10272.600000
sjf,30,20,14,8222.150000
sjf,30,20,15,9250.650000
sjf,30,20,16,5881.650000
sjf,30,20,17,11683.550000
sjf,30,20,18,10349.000000
sjf,30,20,19,11228.400000
sjf,30,20,20,12661.850000
sjf,30,20,21,9526.800000
sjf,30,20,22,9301.550000
sjf,30,20,23,9297.950000
sjf,30,20,24,9625.700000
sjf,30,20,25,9535.800000
sjf,30,20,26,11462.800000
sjf,30,20,27,7911.850000
sjf,30,20,28,9416.000000
sjf,30,20,29,10945.300000
sjf,30,20,30,13265.000000
sjf,30,30,1,17639.666667
sjf,30,30,2,16921.966667
sjf,30,30,3,15403.533333
sjf,30,30,4,11459.200000
sjf,30,30,5,12850.233333
sjf,30,30,6,15477.200000
sjf,30,30,7,13457.233333
sjf,30,30,8,15622.266667
sjf,30,30,9,14882.933333
sjf,30,30,10,13727.933333
sjf,30,30,11,13883.333333
sjf,30,30,12,15576.700000
sjf,30,30,13,11592.533333
sjf,30,30,14,13803.400000
sjf,30,30,15,15350.500000
sjf,30,30,16,13656.466667
sjf,30,30,17,13218.133333
sjf,30,30,18,13414.033333
sjf,30,30,19,12762.333333
sjf,30,30,20,16818.533333
sjf,30,30,21,13116.600000
sjf,30,30,22,16403.800000
sjf,30,30,23,14038.333333
sjf,30,30,24,12599.133333
sjf,30,30,25,16757.266667
sjf,30,30,26,18754.800000
sjf,30,30,27,12488.766667
sjf,30,30,28,13854.433333
sjf,30,30,29,14859.933333
sjf,30,30,30,11765.066667
sjf,30,40,1,17743.600000
sjf,30,40,2,20143.800000
sjf,30,40,3,18696.125000
sjf,30,40,4,17090.575000
sjf,30,40,5,17009.100000
sjf,30,40,6,17983.600000
sjf,30,40,7,22745.500000
sjf,30,40,8,17477.900000
sjf,30,40,9,20358.075000
sjf,30,40,10,19507.500000
sjf,30,40,11,17520.425000
sjf,30,40,12,19765.175000
sjf,30,40,13,19522.475000
sjf,30,40,14,17826.825000
sjf,30,40,15,17653.300000
sjf,30,40,16,20141.825000
sjf,30,40,17,20160.625000
sjf,30,40,18,20550.025000
sjf,30,40,19,19071.225000
sjf,30,40,20,15540.000000
sjf,30,40,21,21790.050000
sjf,30,40,22,17422.975000
sjf,30,40,23,14841.200000
sjf,30,40,24,17201.150000
sjf,30,40,25,14860.075000
sjf,30,40,26,14539.200000
sjf,30,40,27,16058.525000
sjf,30,40,28,15742.700000
sjf,30,40,29,15117.975000
sjf,30,40,30,17391.650000
sjf,30,50,1,23674.660000
sjf,30,50,2,34678.900000
sjf,30,50,3,21270.340000
sjf,30,50,4,24221.920000
sjf,30,50,5,18255.500000
sjf,30,50,6,18054.060000
sjf,30,50,7,22419.640000
sjf,30,50,8,24308.800000
sjf,30,50,9,23946.640000
sjf,30,50,10,21662.120000
sjf,30,50,11,24281.140000
sjf,30,50,12,26269.520000
sjf,30,50,13,25260.560000
sjf,30,50,14,20266.900000
sjf,30,50,15,22946.380000
sjf,30,50,16,22052.640000
sjf,30,50,17,23862.980000
sjf,30,50,18,22530.520000
sjf,30,50,19,20698.160000
sjf,30,50,20,16807.780000
sjf,30,50,21,25636.440000
sjf,30,50,22,22052.640000
sjf,30,50,23,26512.780000
sjf,30,50,24,23968.340000
sjf,30,50,25,18736.900000
sjf,30,50,26,19304.240000
sjf,30,50,27,17329.680000
sjf,30,50,28,24472.280000
sjf,30,50,29,24381.760000
sjf,30,50,30,27283.900000
sjf,30,60,1,32220.100000
sjf,30,60,2,21061.400000
sjf,30,60,3,32455.816667
sjf,30,60,4,24107.750000
sjf,30,60,5,22994.600000
sjf,30,60,6,27753.583333
sjf,30,60,7,25729.083333
sjf,30,60,8,30096.150000
sjf,30,60,9,25935.450000
sjf,30,60,10,22120.933333
sjf,30,60,11,28892.083333
sjf,30,60,12,23542.816667
sjf,30,60,13,25338.766667
sjf,30,60,14,21024.916667
sjf,30,60,15,28616.666667
sjf,30,60,16,26855.050000
sjf,30,60,17,31527.250000
sjf,30,60,18,24654.716667
sjf,30,60,19,25781.450000
sjf,30,60,20,34561.100000
sjf,30,60,21,25845.950000
sjf,30,60,22,29982.916667
sjf,30,60,23,25722.683333
sjf,30,60,24,24872.366667
sjf,30,60,25,23228.950000
sjf,30,60,26,22723.816667
sjf,30,60,27,24205.150000
sjf,30,60,28,34980.166667
sjf,30,60,29,29676.516667
sjf,30,60,30,24271.283333
sjf,30,70,1,29045.985714
sjf,30,70,2,30427.228571
sjf,30,70,3,26777.542857
sjf,30,70,4,33693.428571
sjf,30,70,5,32706.514286
sjf,30,70,6,37693.742857
sjf,30,70,7,30910.385714
sjf,30,70,8,31801.485714
sjf,30,70,9,30108.271429
sjf,30,70,10,42716.457143
sjf,30,70,11,37308.085714
sjf,30,70,12,30419.585714
sjf,30,70,13,26261.228571
sjf,30,70,14,35735.342857
sjf,30,70,15,30456.028571
sjf,30,70,16,29351.057143
sjf,30,70,17,38037.585714
sjf,30,70,18,97427.371429
sjf,30,70,19,39708.542857
sjf,30,70,20,37693.385714
sjf,30,70,21,28795.614286
sjf,30,70,22,35486.971429
sjf,30,70,23,28457.557143
sjf,30,70,24,31223.385714
sjf,30,70,25,25589.985714
sjf,30,70,26,24524.828571
sjf,30,70,27,31849.157143
sjf,30,70,28,23584.442857
sjf,30,70,29,29173.071429
sjf,30,70,30,30204.328571
sjf,30,80,1,32205.025000
sjf,30,80,2,34794.537500
sjf,30,80,3,35355.000000
sjf,30,80,4,32402.187500
sjf,30,80,5,37892.625000
sjf,30,80,6,44363.500000
sjf,30,80,7,31974.687500
sjf,30,80,8,36707.075000
sjf,30,80,9,33424.625000
sjf,30,80,10,32394.287500
sjf,30,80,11,38498.212500
sjf,30,80,12,39474.112500
sjf,30,80,13,35403.037500
sjf,30,80,14,29187.587500
sjf,30,80,15,32273.962500
sjf,30,80,16,31268.912500
sjf,30,80,17,36495.037500
sjf,30,80,18,33002.137500
sjf,30,80,19,29237.425000
sjf,30,80,20,34747.350000
sjf,30,80,21,37335.925000
sjf,30,80,22,36160.912500
sjf,30,80,23,31928.450000
sjf,30,80,24,29790.725000
sjf,30,80,25,32827.600000
sjf,30,80,26,31703.125000
sjf,30,80,27,33336.975000
sjf,30,80,28,36670.400000
sjf,30,80,29,36018.412500
sjf,30,80,30,31988.725000
sjf,30,90,1,41599.122222
sjf,30,90,2,35738.033333
sjf,30,90,3,41213.777778
sjf,30,90,4,44978.722222
sjf,30,90,5,40899.122222
sjf,30,90,6,42562.633333
sjf,30,90,7,38380.311111
sjf,30,90,8,43159.111111
sjf,30,90,9,41550.422222
sjf,30,90,10,42871.500000
sjf,30,90,11,44093.144444
sjf,30,90,12,32365.266667
sjf,30,90,13,45290.800000
sjf,30,90,14,40063.700000
sjf,30,90,15,41809.355556
sjf,30,90,16,38856.511111
sjf,30,90,17,36180.333333
sjf,30,90,18,39886.155556
sjf,30,90,19,37947.822222
sjf,30,90,20,40083.044444
sjf,30,90,21,44129.322222
sjf,30,90,22,40545.366667
sjf,30,90,23,42860.811111
sjf,30,90,24,33821.211111
sjf,30,90,25,38516.300000
sjf,30,90,26,36768.888889
sjf,30,90,27,44159.533333
sjf,30,90,28,38391.733333
sjf,30,90,29,35899.755556
sjf,30,90,30,43346.122222
sjf,30,100,1,46882.110000
sjf,30,100,2,44987.880000
sjf,30,100,3,50734.550000
sjf,30,100,4,37883.510000
sjf,30,100,5,48909.530000
sjf,30,100,6,45902.460000
sjf,30,100,7,44991.910000
sjf,30,100,8,40637.030000
sjf,30,100,9,40236.800000
sjf,30,100,10,44127.570000
sjf,30,100,11,47052.740000
sjf,30,100,12,42913.740000
sjf,30,100,13,42992.940000
sjf,30,100,14,36328.750000
sjf,30,100,15,47316.610000
sjf,30,100,16,48242.820000
sjf,30,100,17,46973.630000
sjf,30,100,18,43053.260000
sjf,30,100,19,43423.930000
sjf,30,100,20,35481.970000
sjf,30,100,21,43978.270000
sjf,30,100,22,45150.540000
sjf,30,100,23,36696.920000
sjf,30,100,24,39159.640000
sjf,30,100,25,48358.780000
sjf,30,100,26,45195.070000
sjf,30,100,27,43305.360000
sjf,30,100,28,50885.190000
sjf,30,100,29,43743.960000
sjf,30,100,30,51781.400000
ljf,10,10,1,19658.800000
ljf,10,10,2,24646.700000
ljf,10,10,3,25877.000000
ljf,10,10,4,18448.900000
ljf,10,10,5,27238.900000
ljf,10,10,6,27036.400000
ljf,10,10,7,14385.100000
ljf,10,10,8,19807.500000
ljf,10,10,9,22120.400000
ljf,10,10,10,26968.300000
ljf,10,10,11,19574.500000
ljf,10,10,12,20104.200000
ljf,10,10,13,18755.000000
ljf,10,10,14,23841.000000
ljf,10,10,15,22766.400000
ljf,10,10,16,19229.900000
ljf,10,10,17,26974.500000
ljf,10,10,18,27119.600000
ljf,10,10,19,27079.200000
ljf,10,10,20,22160.500000
ljf,10,10,21,20466.600000
ljf,10,10,22,10110.600000
ljf,10,10,23,13800.400000
ljf,10,10,24,21998.400000
ljf,10,10,25,24542.700000
ljf,10,10,26,25826.400000
ljf,10,10,27,15774.000000
ljf,10,10,28,21017.800000
ljf,10,10,29,24861.500000
ljf,10,10,30,23988.600000
ljf,10,20,1,39703.600000
ljf,10,20,2,57527.700000
ljf,10,20,3,52765.650000
ljf,10,20,4,53445.550000
ljf,10,20,5,65542.400000
ljf,10,20,6,54354.800000
ljf,10,20,7,51338.400000
ljf,10,20,8,55276.000000
ljf,10,20,9,53685.100000
ljf,10,20,10,55189.500000
ljf,10,20,11,49529.200000
ljf,10,20,12,33475.550000
ljf,10,20,13,54348.900000
ljf,10,20,14,44864.250000
ljf,10,20,15,48188.100000
ljf,10,20,16,39138.950000
ljf,10,20,17,36947.650000
ljf,10,20,18,53402.750000
ljf,10,20,19,34679.400000
ljf,10,20,20,46130.700000
ljf,10,20,21,45514.300000
ljf,10,20,22,48293.850000
ljf,10,20,23,56329.650000
ljf,10,20,24,55285.050000
ljf,10,20,25,44243.550000
ljf,10,20,26,47524.550000
ljf,10,20,27,50762.300000
ljf,10,20,28,41134.050000
ljf,10,20,29,45208.600000
ljf,10,20,30,39113.100000
ljf,10,30,1,70029.333333
ljf,10,30,2,87184.066667
ljf,10,30,3,94792.100000
ljf,10,30,4,89042.500000
ljf,10,30,5,70848.900000
ljf,10,30,6,67115.133333
ljf,10,30,7,79116.066667
ljf,10,30,8,100297.233333
ljf,10,30,9,66708.433333
ljf,10,30,10,87181.666667
ljf,10,30,11,66545.000000
ljf,10,30,12,81265.066667
ljf,10,30,13,86358.400000
ljf,10,30,14,72102.166667
ljf,10,30,15,101945.066667
ljf,10,30,16,81298.200000
ljf,10,30,17,112830.933333
ljf,10,30,18,74614.133333
ljf,10,30,19,67178.500000
ljf,10,30,20,74447.633333
ljf,10,30,21,67505.233333
ljf,10,30,22,86548.766667
ljf,10,30,23,72107.633333
ljf,10,30,24,68476.933333
ljf,10,30,25,80174.333333
ljf,10,30,26,71545.366667
ljf,10,30,27,75257.166667
ljf,10,30,28,90727.766667
ljf,10,30,29,88853.366667
ljf,10,30,30,74364.700000
ljf,10,40,1,103300.425000
ljf,10,40,2,99149.925000
ljf,10,40,3,109862.825000
ljf,10,40,4,115300.625000
ljf,10,40,5,99788.800000
ljf,10,40,6,92760.225000
ljf,10,40,7,103928.575000
ljf,10,40,8,111330.875000
ljf,10,40,9,91473.325000
ljf,10,40,10,91874.050000
ljf,10,40,11,103556.450000
ljf,10,40,12,110500.400000
ljf,10,40,13,127066.900000
ljf,10,40,14,90205.800000
ljf,10,40,15,103086.025000
ljf,10,40,16,127832.325000
ljf,10,40,17,108823.800000
ljf,10,40,18,90223.650000
ljf,10,40,19,103841.275000
ljf,10,40,20,97624.375000
ljf,10,40,21,117510.575000
ljf,10,40,22,113039.125000
ljf,10,40,23,92072.225000
ljf,10,40,24,103485.325000
ljf,10,40,25,112086.700000
ljf,10,40,26,115192.950000
ljf,10,40,27,89325.900000
ljf,10,40,28,104387.750000
ljf,10,40,29,117243.100000
ljf,10,40,30,103352.750000
ljf,10,50,1,105111.700000
ljf,10,50,2,131876.700000
ljf,10,50,3,136151.640000
ljf,10,50,4,146320.480000
ljf,10,50,5,122206.160000
ljf,10,50,6,116593.180000
ljf,10,50,7,152125.220000
ljf,10,50,8,136645.500000
ljf,10,50,9,123624.400000
ljf,10,50,10,139068.260000
ljf,10,50,11,163852.760000
ljf,10,50,12,116351.780000
ljf,10,50,13,107419.820000
ljf,10,50,14,132122.080000
ljf,10,50,15,154545.040000
ljf,10,50,16,142486.820000
ljf,10,50,17,108224.360000
ljf,10,50,18,134092.620000
ljf,10,50,19,135030.680000
ljf,10,50,20,137975.800000
ljf,10,50,21,142467.780000
ljf,10,50,22,147323.600000
ljf,10,50,23,145692.880000
ljf,10,50,24,141674.980000
ljf,10,50,25,128411.760000
ljf,10,50,26,135170.880000
ljf,10,50,27,119435.760000
ljf,10,50,28,146855.440000
ljf,10,50,29,124559.440000
ljf,10,50,30,137061.500000
ljf,10,60,1,159420.383333
ljf,10,60,2,166358.300000
ljf,10,60,3,183217.316667
ljf,10,60,4,155189.150000
ljf,10,60,5,159540.933333
ljf,10,60,6,166642.716667
ljf,10,60,7,152519.216667
ljf,10,60,8,153427.083333
ljf,10,60,9,148376.716667
ljf,10,60,10,169978.516667
ljf,10,60,11,172269.300000
ljf,10,60,12,149264.133333
ljf,10,60,13,154540.116667
ljf,10,60,14,171540.633333
ljf,10,60,15,156059.516667
ljf,10,60,16,159310.766667
ljf,10,60,17,165167.083333
ljf,10,60,18,165483.800000
ljf,10,60,19,145673.550000
ljf,10,60,20,181262.816667
ljf,10,60,21,166159.966667
ljf,10,60,22,166276.383333
ljf,10,60,23,153510.950000
ljf,10,60,24,168909.250000
ljf,10,60,25,171552.616667
ljf,10,60,26,161992.633333
ljf,10,60,27,151940.150000
ljf,10,60,28,156481.416667
ljf,10,60,29,155611.616667
ljf,10,60,30,141077.216667
ljf,10,70,1,199172.142857
ljf,10,70,2,184107.385714
ljf,10,70,3,187831.728571
ljf,10,70,4,202943.700000
ljf,10,70,5,197291.714286
ljf,10,70,6,185010.442857
ljf,10,70,7,168653.600000
ljf,10,70,8,196342.257143
ljf,10,70,9,191452.214286
ljf,10,70,10,177924.128571
ljf,10,70,11,186053.328571
ljf,10,70,12,201478.285714
ljf,10,70,13,174587.228571
ljf,10,70,14,175083.500000
ljf,10,70,15,189854.185714
ljf,10,70,16,163081.128571
ljf,10,70,17,169432.671429
ljf,10,70,18,207642.014286
ljf,10,70,19,153294.900000
ljf,10,70,20,170553.000000
ljf,10,70,21,207927.257143
ljf,10,70,22,166361.457143
ljf,10,70,23,192604.742857
ljf,10,70,24,174223.314286
ljf,10,70,25,206300.357143
ljf,10,70,26,171531.471429
ljf,10,70,27,209120.957143
ljf,10,70,28,179161.242857
ljf,10,70,29,206033.885714
ljf,10,70,30,199737.985714
ljf,10,80,1,242615.387500
ljf,10,80,2,196649.137500
ljf,10,80,3,241539.350000
ljf,10,80,4,226649.687500
ljf,10,80,5,220006.912500
ljf,10,80,6,189941.600000
ljf,10,80,7,226193.650000
ljf,10,80,8,228423.912500
ljf,10,80,9,226533.350000
ljf,10,80,10,235011.462500
ljf,10,80,11,231426.137500
ljf,10,80,12,213182.475000
ljf,10,80,13,210535.300000
ljf,10,80,14,214153.237500
ljf,10,80,15,220923.375000
ljf,10,80,16,239970.162500
ljf,10,80,17,182136.437500
ljf,10,80,18,238449.062500
ljf,10,80,19,251594.525000
ljf,10,80,20,230123.162500
ljf,10,80,21,231540.500000
ljf,10,80,22,237636.350000
ljf,10,80,23,205535.262500
ljf,10,80,24,213245.925000
ljf,10,80,25,249629.750000
ljf,10,80,26,230606.162500
ljf,10,80,27,242970.600000
ljf,10,80,28,217653.237500
ljf,10,80,29,214146.100000
ljf,10,80,30,241652.875000
ljf,10,90,1,270610.622222
ljf,10,90,2,233289.833333
ljf,10,90,3,248323.066667
ljf,10,90,4,261106.444444
ljf,10,90,5,230574.211111
ljf,10,90,6,255149.144444
ljf,10,90,7,244332.855556
ljf,10,90,8,247064.488889
ljf,10,90,9,302764.633333
ljf,10,90,10,271436.966667
ljf,10,90,11,232500.133333
ljf,10,90,12,234046.611111
ljf,10,90,13,240066.022222
ljf,10,90,14,246669.444444
ljf,10,90,15,245829.266667
ljf,10,90,16,267231.277778
ljf,10,90,17,242499.844444
ljf,10,90,18,260515.666667
ljf,10,90,19,239729.600000
ljf,10,90,20,263820.122222
ljf,10,90,21,264225.122222
ljf,10,90,22,250088.100000
ljf,10,90,23,272895.488889
ljf,10,90,24,220848.788889
ljf,10,90,25,242986.588889
ljf,10,90,26,227323.133333
ljf,10,90,27,258023.955556
ljf,10,90,28,228451.855556
ljf,10,90,29,264507.500000
ljf,10,90,30,240802.811111
ljf,10,100,1,272038.360000
ljf,10,100,2,291672.110000
ljf,10,100,3,297882.300000
ljf,10,100,4,290052.510000
ljf,10,100,5,294839.370000
ljf,10,100,6,265425.710000
ljf,10,100,7,311520.410000
ljf,10,100,8,263067.760000
ljf,10,100,9,304378.640000
ljf,10,100,10,295440.120000
ljf,10,100,11,301942.430000
ljf,10,100,12,291077.690000
ljf,10,100,13,297529.110000
ljf,10,100,14,292489.990000
ljf,10,100,15,283086.650000
ljf,10,100,16,316616.560000
ljf,10,100,17,293713.250000
ljf,10,100,18,288147.810000
ljf,10,100,19,277882.500000
ljf,10,100,20,286187.930000
ljf,10,100,21,281246.970000
ljf,10,100,22,253715.290000
ljf,10,100,23,281899.670000
ljf,10,100,24,272524.110000
ljf,10,100,25,263226.610000
ljf,10,100,26,271324.190000
ljf,10,100,27,282557.330000
ljf,10,100,28,303883.160000
ljf,10,100,29,280387.010000
ljf,10,100,30,281704.290000
ljf,20,10,1,9671.200000
ljf,20,10,2,10161.700000
ljf,20,10,3,10514.900000
ljf,20,10,4,8200.500000
ljf,20,10,5,14418.000000
ljf,20,10,6,15413.200000
ljf,20,10,7,7272.800000
ljf,20,10,8,10830.000000
ljf,20,10,9,9463.500000
ljf,20,10,10,14148.400000
ljf,20,10,11,12187.600000
ljf,20,10,12,9798.000000
ljf,20,10,13,13758.800000
ljf,20,10,14,10945.400000
ljf,20,10,15,12347.900000
ljf,20,10,16,13449.300000
ljf,20,10,17,12593.500000
ljf,20,10,18,13597.300000
ljf,20,10,19,11149.700000
ljf,20,10,20,13677.200000
ljf,20,10,21,13836.300000
ljf,20,10,22,15429.300000
ljf,20,10,23,9977.100000
ljf,20,10,24,11599.000000
ljf,20,10,25,12225.400000
ljf,20,10,26,10736.300000
ljf,20,10,27,10406.700000
ljf,20,10,28,13558.400000
ljf,20,10,29,12206.600000
ljf,20,10,30,11933.200000
ljf,20,20,1,37090.200000
ljf,20,20,2,20969.100000
ljf,20,20,3,23258.000000
ljf,20,20,4,28859.800000
ljf,20,20,5,27292.550000
ljf,20,20,6,25032.800000
ljf,20,20,7,33747.000000
ljf,20,20,8,19756.350000
ljf,20,20,9,22033.650000
ljf,20,20,10,18985.000000
ljf,20,20,11,31539.850000
ljf,20,20,12,31256.000000
ljf,20,20,13,17583.750000
ljf,20,20,14,31585.300000
ljf,20,20,15,33423.800000
ljf,20,20,16,20339.050000
ljf,20,20,17,25373.650000
ljf,20,20,18,19577.100000
ljf,20,20,19,32042.500000
ljf,20,20,20,24283.100000
ljf,20,20,21,21320.200000
ljf,20,20,22,27439.800000
ljf,20,20,23,33807.250000
ljf,20,20,24,30895.450000
ljf,20,20,25,35119.100000
ljf,20,20,26,29783.950000
ljf,20,20,27,32820.900000
ljf,20,20,28,23797.750000
ljf,20,20,29,28893.500000
ljf,20,20,30,33534.800000
ljf,20,30,1,37326.766667
ljf,20,30,2,44761.233333
ljf,20,30,3,40175.133333
ljf,20,30,4,36682.433333
ljf,20,30,5,38584.666667
ljf,20,30,6,44680.233333
ljf,20,30,7,44041.533333
ljf,20,30,8,36465.766667
ljf,20,30,9,38337.500000
ljf,20,30,10,37222.566667
ljf,20,30,11,45490.900000
ljf,20,30,12,43394.566667
ljf,20,30,13,44443.833333
ljf,20,30,14,39192.066667
ljf,20,30,15,38626.600000
ljf,20,30,16,42476.733333
ljf,20,30,17,43404.100000
ljf,20,30,18,45538.033333
ljf,20,30,19,39142.566667
ljf,20,30,20,39310.133333
ljf,20,30,21,38500.966667
ljf,20,30,22,55089.266667
ljf,20,30,23,40058.333333
ljf,20,30,24,45206.066667
ljf,20,30,25,53077.466667
ljf,20,30,26,47982.000000
ljf,20,30,27,44731.033333
ljf,20,30,28,32287.833333
ljf,20,30,29,49252.033333
ljf,20,30,30,46613.533333
ljf,20,40,1,57331.225000
ljf,20,40,2,57018.275000
ljf,20,40,3,57888.725000
ljf,20,40,4,57282.625000
ljf,20,40,5,52207.325000
ljf,20,40,6,50082.500000
ljf,20,40,7,54381.800000
ljf,20,40,8,62782.450000
ljf,20,40,9,62967.300000
ljf,20,40,10,60264.700000
ljf,20,40,11,57246.950000
ljf,20,40,12,38460.100000
ljf,20,40,13,55498.375000
ljf,20,40,14,56153.925000
ljf,20,40,15,49138.025000
ljf,20,40,16,50322.150000
ljf,20,40,17,54667.375000
ljf,20,40,18,57103.700000
ljf,20,40,19,56813.425000
ljf,20,40,20,52143.475000
ljf,20,40,21,50991.775000
ljf,20,40,22,45055.500000
ljf,20,40,23,54729.150000
ljf,20,40,24,51926.650000
ljf,20,40,25,70112.075000
ljf,20,40,26,57258.150000
ljf,20,40,27,58454.875000
ljf,20,40,28,63141.475000
ljf,20,40,29,61482.775000
ljf,20,40,30,55918.675000
ljf,20,50,1,55520.920000
ljf,20,50,2,65092.500000
ljf,20,50,3,65015.920000
ljf,20,50,4,70404.780000
ljf,20,50,5,79080.240000
ljf,20,50,6,53041.020000
ljf,20,50,7,70921.260000
ljf,20,50,8,80294.120000
ljf,20,50,9,71814.180000
ljf,20,50,10,65698.060000
ljf,20,50,11,75305.660000
ljf,20,50,12,77826.980000
ljf,20,50,13,64387.940000
ljf,20,50,14,74473.280000
ljf,20,50,15,58754.140000
ljf,20,50,16,71349.000000
ljf,20,50,17,66905.660000
ljf,20,50,18,74471.840000
ljf,20,50,19,74231.360000
ljf,20,50,20,80038.180000
ljf,20,50,21,77808.540000
ljf,20,50,22,80555.440000
ljf,20,50,23,64523.500000
ljf,20,50,24,81267.460000
ljf,20,50,25,75726.640000
ljf,20,50,26,74503.640000
ljf,20,50,27,79655.120000
ljf,20,50,28,82746.160000
ljf,20,50,29,63853.560000
ljf,20,50,30,76550.240000
ljf,20,60,1,99693.566667
ljf,20,60,2,97296.750000
ljf,20,60,3,95928.900000
ljf,20,60,4,97461.866667
ljf,20,60,5,93172.516667
ljf,20,60,6,81030.900000
ljf,20,60,7,71884.950000
ljf,20,60,8,83564.766667
ljf,20,60,9,101601.216667
ljf,20,60,10,90856.016667
ljf,20,60,11,85261.600000
ljf,20,60,12,81455.550000
ljf,20,60,13,101491.300000
ljf,20,60,14,97973.166667
ljf,20,60,15,85265.933333
ljf,20,60,16,85477.000000
ljf,20,60,17,113239.000000
ljf,20,60,18,82799.566667
ljf,20,60,19,89773.133333
ljf,20,60,20,91526.466667
ljf,20,60,21,95714.983333
ljf,20,60,22,95929.366667
ljf,20,60,23,79003.533333
ljf,20,60,24,83127.900000
ljf,20,60,25,87452.550000
ljf,20,60,26,88380.533333
ljf,20,60,27,91258.000000
ljf,20,60,28,116751.016667
ljf,20,60,29,89495.716667
ljf,20,60,30,87068.133333
ljf,20,70,1,95675.271429
ljf,20,70,2,110831.085714
ljf,20,70,3,102999.657143
ljf,20,70,4,105036.971429
ljf,20,70,5,97104.871429
ljf,20,70,6,88475.285714
ljf,20,70,7,84790.400000
ljf,20,70,8,101962.657143
ljf,20,70,9,120285.300000
ljf,20,70,10,96337.457143
ljf,20,70,11,93694.200000
ljf,20,70,12,102059.771429
ljf,20,70,13,100423.814286
ljf,20,70,14,99223.114286
ljf,20,70,15,92396.228571
ljf,20,70,16,87469.571429
ljf,20,70,17,97590.885714
ljf,20,70,18,113038.414286
ljf,20,70,19,100578.900000
ljf,20,70,20,100918.371429
ljf,20,70,21,89504.771429
ljf,20,70,22,146118.085714
ljf,20,70,23,108589.285714
ljf,20,70,24,110045.757143
ljf,20,70,25,102602.185714
ljf,20,70,26,98866.400000
ljf,20,70,27,93416.085714
ljf,20,70,28,94872.042857
ljf,20,70,29,104140.114286
ljf,20,70,30,101666.971429
ljf,20,80,1,113188.500000
ljf,20,80,2,139205.112500
ljf,20,80,3,111913.162500
ljf,20,80,4,109180.000000
ljf,20,80,5,109347.062500
ljf,20,80,6,116249.350000
ljf,20,80,7,135122.687500
ljf,20,80,8,114398.825000
ljf,20,80,9,108906.512500
ljf,20,80,10,135788.275000
ljf,20,80,11,116934.212500
ljf,20,80,12,124154.650000
ljf,20,80,13,127861.475000
ljf,20,80,14,120293.662500
ljf,20,80,15,122497.925000
ljf,20,80,16,128298.087500
ljf,20,80,17,109827.625000
ljf,20,80,18,131384.275000
ljf,20,80,19,107966.162500
ljf,20,80,20,120835.150000
ljf,20,80,21,124221.450000
ljf,20,80,22,121201.337500
ljf,20,80,23,115032.775000
ljf,20,80,24,145811.750000
ljf,20,80,25,137649.962500
ljf,20,80,26,124307.275000
ljf,20,80,27,110633.650000
ljf,20,80,28,128469.162500
ljf,20,80,29,121574.487500
ljf,20,80,30,127567.050000
ljf,20,90,1,125006.533333
ljf,20,90,2,159699.566667
ljf,20,90,3,140328.111111
ljf,20,90,4,128596.644444
ljf,20,90,5,149320.422222
ljf,20,90,6,136855.711111
ljf,20,90,7,146200.644444
ljf,20,90,8,119237.433333
ljf,20,90,9,129592.811111
ljf,20,90,10,122940.633333
ljf,20,90,11,129524.755556
ljf,20,90,12,135562.377778
ljf,20,90,13,113124.566667
ljf,20,90,14,120410.866667
ljf,20,90,15,137197.100000
ljf,20,90,16,128895.977778
ljf,20,90,17,143929.122222
ljf,20,90,18,141993.766667
ljf,20,90,19,121283.933333
ljf,20,90,20,141427.433333
ljf,20,90,21,130607.155556
ljf,20,90,22,143040.722222
ljf,20,90,23,131193.977778
ljf,20,90,24,120240.133333
ljf,20,90,25,149036.755556
ljf,20,90,26,149540.600000
ljf,20,90,27,134320.233333
ljf,20,90,28,121817.822222
ljf,20,90,29,131642.911111
ljf,20,90,30,138297.366667
ljf,20,100,1,169261.790000
ljf,20,100,2,157878.050000
ljf,20,100,3,141978.430000
ljf,20,100,4,162370.680000
ljf,20,100,5,148089.630000
ljf,20,100,6,160038.790000
ljf,20,100,7,161056.560000
ljf,20,100,8,150920.800000
ljf,20,100,9,156687.690000
ljf,20,100,10,165225.150000
ljf,20,100,11,139537.560000
ljf,20,100,12,144246.080000
ljf,20,100,13,152177.700000
ljf,20,100,14,142468.940000
ljf,20,100,15,152155.030000
ljf,20,100,16,150079.630000
ljf,20,100,17,160775.820000
ljf,20,100,18,135718.130000
ljf,20,100,19,161309.670000
ljf,20,100,20,139361.740000
ljf,20,100,21,137636.220000
ljf,20,100,22,147204.050000
ljf,20,100,23,133592.930000
ljf,20,100,24,130639.740000
ljf,20,100,25,138303.140000
ljf,20,100,26,156397.530000
ljf,20,100,27,134195.070000
ljf,20,100,28,141465.250000
ljf,20,100,29,131223.560000
ljf,20,100,30,158014.730000
ljf,30,10,1,10991.600000
ljf,30,10,2,10428.300000
ljf,30,10,3,7480.800000
ljf,30,10,4,10389.000000
ljf,30,10,5,9559.000000
ljf,30,10,6,6998.200000
ljf,30,10,7,8138.500000
ljf,30,10,8,8312.700000
ljf,30,10,9,10563.000000
ljf,30,10,10,9716.900000
ljf,30,10,11,6832.200000
ljf,30,10,12,10525.900000
ljf,30,10,13,10908.300000
ljf,30,10,14,4544.800000
ljf,30,10,15,8447.600000
ljf,30,10,16,6674.500000
ljf,30,10,17,10395.100000
ljf,30,10,18,9062.600000
ljf,30,10,19,9559.300000
ljf,30,10,20,10964.800000
ljf,30,10,21,9973.200000
ljf,30,10,22,11009.600000
ljf,30,10,23,8834.500000
ljf,30,10,24,8242.100000
ljf,30,10,25,8976.600000
ljf,30,10,26,11782.600000
ljf,30,10,27,10154.800000
ljf,30,10,28,11085.800000
ljf,30,10,29,6368.500000
ljf,30,10,30,5221.900000
ljf,30,20,1,18115.300000
ljf,30,20,2,15588.200000
ljf,30,20,3,23707.400000
ljf,30,20,4,19359.650000
ljf,30,20,5,20595.950000
ljf,30,20,6,15274.700000
ljf,30,20,7,19184.650000
ljf,30,20,8,17143.300000
ljf,30,20,9,18759.200000
ljf,30,20,10,21153.750000
ljf,30,20,11,18117.800000
ljf,30,20,12,16031.850000
ljf,30,20,13,19896.650000
ljf,30,20,14,17114.550000
ljf,30,20,15,20104.650000
ljf,30,20,16,22162.950000
ljf,30,20,17,18524.850000
ljf,30,20,18,16698.500000
ljf,30,20,19,13165.100000
ljf,30,20,20,13950.350000
ljf,30,20,21,21657.800000
ljf,30,20,22,21278.650000
ljf,30,20,23,23680.250000
ljf,30,20,24,16055.250000
ljf,30,20,25,16478.250000
ljf,30,20,26,17097.700000
ljf,30,20,27,20724.900000
ljf,30,20,28,22865.950000
ljf,30,20,29,13720.150000
ljf,30,20,30,14589.450000
ljf,30,30,1,27181.233333
ljf,30,30,2,27785.100000
ljf,30,30,3,25282.833333
ljf,30,30,4,22753.166667
ljf,30,30,5,30630.666667
ljf,30,30,6,27875.866667
ljf,30,30,7,31842.866667
ljf,30,30,8,33169.566667
ljf,30,30,9,37177.000000
ljf,30,30,10,21319.566667
ljf,30,30,11,22630.633333
ljf,30,30,12,32896.266667
ljf,30,30,13,24309.966667
ljf,30,30,14,30160.466667
ljf,30,30,15,25893.433333
ljf,30,30,16,26959.466667
ljf,30,30,17,28843.833333
ljf,30,30,18,26391.100000
ljf,30,30,19,31753.300000
ljf,30,30,20,26993.033333
ljf,30,30,21,32196.433333
ljf,30,30,22,37394.733333
ljf,30,30,23,33678.300000
ljf,30,30,24,25974.600000
ljf,30,30,25,30336.933333
ljf,30,30,26,34003.766667
ljf,30,30,27,30342.333333
ljf,30,30,28,31646.833333
ljf,30,30,29,26525.933333
ljf,30,30,30,29657.200000
ljf,30,40,1,40835.775000
ljf,30,40,2,40337.250000
ljf,30,40,3,34210.125000
ljf,30,40,4,48839.525000
ljf,30,40,5,37803.550000
ljf,30,40,6,32393.250000
ljf,30,40,7,32240.300000
ljf,30,40,8,49045.050000
ljf,30,40,9,38887.075000
ljf,30,40,10,43877.525000
ljf,30,40,11,41071.075000
ljf,30,40,12,35315.625000
ljf,30,40,13,45153.900000
ljf,30,40,14,41012.575000
ljf,30,40,15,46333.225000
ljf,30,40,16,31262.200000
ljf,30,40,17,43541.650000
ljf,30,40,18,36522.725000
ljf,30,40,19,40507.000000
ljf,30,40,20,42636.275000
ljf,30,40,21,34078.200000
ljf,30,40,22,41673.125000
ljf,30,40,23,38693.650000
ljf,30,40,24,36762.200000
ljf,30,40,25,51339.725000
ljf,30,40,26,40131.950000
ljf,30,40,27,42038.100000
ljf,30,40,28,45358.450000
ljf,30,40,29,33385.550000
ljf,30,40,30,37576.825000
ljf,30,50,1,46864.860000
ljf,30,50,2,50809.100000
ljf,30,50,3,58399.360000
ljf,30,50,4,46018.000000
ljf,30,50,5,54807.680000
ljf,30,50,6,52421.380000
ljf,30,50,7,45316.800000
ljf,30,50,8,48685.520000
ljf,30,50,9,46720.820000
ljf,30,50,10,47181.440000
ljf,30,50,11,60033.460000
ljf,30,50,12,59365.260000
ljf,30,50,13,47939.000000
ljf,30,50,14,48312.640000
ljf,30,50,15,49187.260000
ljf,30,50,16,54061.660000
ljf,30,50,17,54369.820000
ljf,30,50,18,48100.100000
ljf,30,50,19,48220.280000
ljf,30,50,20,52212.900000
ljf,30,50,21,52257.560000
ljf,30,50,22,42542.620000
ljf,30,50,23,46126.340000
ljf,30,50,24,47095.420000
ljf,30,50,25,55979.420000
ljf,30,50,26,49697.460000
ljf,30,50,27,43539.140000
ljf,30,50,28,53295.300000
ljf,30,50,29,45207.560000
ljf,30,50,30,43740.220000
ljf,30,60,1,65578.150000
ljf,30,60,2,66696.850000
ljf,30,60,3,66572.100000
ljf,30,60,4,56065.400000
ljf,30,60,5,70459.716667
ljf,30,60,6,67693.833333
ljf,30,60,7,57662.850000
ljf,30,60,8,61904.450000
ljf,30,60,9,69084.850000
ljf,30,60,10,47440.950000
ljf,30,60,11,59802.883333
ljf,30,60,12,64217.666667
ljf,30,60,13,62696.883333
ljf,30,60,14,56413.966667
ljf,30,60,15,51583.916667
ljf,30,60,16,65361.116667
ljf,30,60,17,58871.000000
ljf,30,60,18,49054.483333
ljf,30,60,19,73479.216667
ljf,30,60,20,66146.283333
ljf,30,60,21,60769.066667
ljf,30,60,22,53659.733333
ljf,30,60,23,55162.550000
ljf,30,60,24,60022.183333
ljf,30,60,25,59890.400000
ljf,30,60,26,57192.350000
ljf,30,60,27,62805.100000
ljf,30,60,28,61452.083333
ljf,30,60,29,64511.750000
ljf,30,60,30,55991.533333
ljf,30,70,1,65043.028571
ljf,30,70,2,71960.728571
ljf,30,70,3,80926.085714
ljf,30,70,4,80437.528571
ljf,30,70,5,74092.314286
ljf,30,70,6,64425.942857
ljf,30,70,7,63411.457143
ljf,30,70,8,69828.842857
ljf,30,70,9,72649.928571
ljf,30,70,10,57306.728571
ljf,30,70,11,61710.014286
ljf,30,70,12,69559.414286
ljf,30,70,13,80186.400000
ljf,30,70,14,78129.871429
ljf,30,70,15,76596.214286
ljf,30,70,16,67038.900000
ljf,30,70,17,87832.914286
ljf,30,70,18,75815.557143
ljf,30,70,19,67104.785714
ljf,30,70,20,84874.885714
ljf,30,70,21,79309.171429
ljf,30,70,22,63478.500000
ljf,30,70,23,74317.700000
ljf,30,70,24,70616.314286
ljf,30,70,25,62062.871429
ljf,30,70,26,76828.600000
ljf,30,70,27,80683.985714
ljf,30,70,28,64026.642857
ljf,30,70,29,69118.857143
ljf,30,70,30,70361.314286
ljf,30,80,1,88767.750000
ljf,30,80,2,82120.600000
ljf,30,80,3,76122.912500
ljf,30,80,4,78744.275000
ljf,30,80,5,82742.425000
ljf,30,80,6,94841.337500
ljf,30,80,7,93754.775000
ljf,30,80,8,84795.012500
ljf,30,80,9,88308.662500
ljf,30,80,10,90837.050000
ljf,30,80,11,87729.337500
ljf,30,80,12,81465.462500
ljf,30,80,13,64108.850000
ljf,30,80,14,89940.787500
ljf,30,80,15,78354.137500
ljf,30,80,16,66887.925000
ljf,30,80,17,83318.850000
ljf,30,80,18,82216.200000
ljf,30,80,19,80820.312500
ljf,30,80,20,77490.825000
ljf,30,80,21,85810.387500
ljf,30,80,22,78912.937500
ljf,30,80,23,78721.412500
ljf,30,80,24,82992.725000
ljf,30,80,25,74722.025000
ljf,30,80,26,81059.075000
ljf,30,80,27,83972.287500
ljf,30,80,28,84716.837500
ljf,30,80,29,73842.600000
ljf,30,80,30,82904.387500
ljf,30,90,1,104552.400000
ljf,30,90,2,95261.244444
ljf,30,90,3,91507.288889
ljf,30,90,4,91987.900000
ljf,30,90,5,97929.800000
ljf,30,90,6,92997.155556
ljf,30,90,7,85551.011111
ljf,30,90,8,86708.977778
ljf,30,90,9,81314.588889
ljf,30,90,10,100105.377778
ljf,30,90,11,96507.722222
ljf,30,90,12,87640.144444
ljf,30,90,13,99289.888889
ljf,30,90,14,93527.555556
ljf,30,90,15,94385.588889
ljf,30,90,16,85683.988889
ljf,30,90,17,84901.344444
ljf,30,90,18,93072.833333
ljf,30,90,19,90561.688889
ljf,30,90,20,88990.522222
ljf,30,90,21,87900.744444
ljf,30,90,22,116861.688889
ljf,30,90,23,90881.588889
ljf,30,90,24,95882.900000
ljf,30,90,25,92426.088889
ljf,30,90,26,100056.133333
ljf,30,90,27,91150.755556
ljf,30,90,28,95484.177778
ljf,30,90,29,92022.022222
ljf,30,90,30,90381.266667
ljf,30,100,1,106884.540000
ljf,30,100,2,97132.630000
ljf,30,100,3,110618.520000
ljf,30,100,4,87388.180000
ljf,30,100,5,106124.510000
ljf,30,100,6,102683.600000
ljf,30,100,7,119855.900000
ljf,30,100,8,105250.600000
ljf,30,100,9,98963.300000
ljf,30,100,10,110323.930000
ljf,30,100,11,112113.120000
ljf,30,100,12,105747.140000
ljf,30,100,13,96323.620000
ljf,30,100,14,139839.600000
ljf,30,100,15,101237.420000
ljf,30,100,16,91754.030000
ljf,30,100,17,120442.940000
ljf,30,100,18,94990.730000
ljf,30,100,19,101118.850000
ljf,30,100,20,110768.220000
ljf,30,100,21,107313.890000
ljf,30,100,22,96576.510000
ljf,30,100,23,94513.540000
ljf,30,100,24,100954.230000
ljf,30,100,25,108418.880000
ljf,30,100,26,109289.490000
ljf,30,100,27,113855.150000
ljf,30,100,28,99680.650000
ljf,30,100,29,100297.830000
ljf,30,100,30,97948.190000
prio_static,10,10,1,15538.200000
prio_static,10,10,2,19647.700000
prio_static,10,10,3,18962.900000
prio_static,10,10,4,16455.200000
prio_static,10,10,5,15327.400000
prio_static,10,10,6,16084.900000
prio_static,10,10,7,11733.000000
prio_static,10,10,8,15894.000000
prio_static,10,10,9,10539.600000
prio_static,10,10,10,28564.000000
prio_static,10,10,11,14628.000000
prio_static,10,10,12,14724.100000
prio_static,10,10,13,19425.300000
prio_static,10,10,14,13074.200000
prio_static,10,10,15,15752.800000
prio_static,10,10,16,15336.500000
prio_static,10,10,17,17259.900000
prio_static,10,10,18,20697.700000
prio_static,10,10,19,16475.900000
prio_static,10,10,20,18820.100000
prio_static,10,10,21,15760.600000
prio_static,10,10,22,16719.900000
prio_static,10,10,23,20478.600000
prio_static,10,10,24,11362.100000
prio_static,10,10,25,27476.500000
prio_static,10,10,26,13493.500000
prio_static,10,10,27,13909.400000
prio_static,10,10,28,12189.600000
prio_static,10,10,29,19413.900000
prio_static,10,10,30,7113.700000
prio_static,10,20,1,38356.750000
prio_static,10,20,2,54000.000000
prio_static,10,20,3,28092.850000
prio_static,10,20,4,40194.050000
prio_static,10,20,5,41625.900000
prio_static,10,20,6,32341.400000
prio_static,10,20,7,47376.000000
prio_static,10,20,8,34600.750000
prio_static,10,20,9,42975.100000
prio_static,10,20,10,42439.500000
prio_static,10,20,11,37828.200000
prio_static,10,20,12,42137.500000
prio_static,10,20,13,37928.050000
prio_static,10,20,14,44222.950000
prio_static,10,20,15,33079.700000
prio_static,10,20,16,29588.650000
prio_static,10,20,17,53817.450000
prio_static,10,20,18,39496.800000
prio_static,10,20,19,46020.750000
prio_static,10,20,20,33406.300000
prio_static,10,20,21,45495.050000
prio_static,10,20,22,39475.800000
prio_static,10,20,23,26049.200000
prio_static,10,20,24,40267.500000
prio_static,10,20,25,34534.250000
prio_static,10,20,26,37882.850000
prio_static,10,20,27,41650.850000
prio_static,10,20,28,30081.750000
prio_static,10,20,29,32220.150000
prio_static,10,20,30,33925.900000
prio_static,10,30,1,66224.833333
prio_static,10,30,2,55753.266667
prio_static,10,30,3,55180.733333
prio_static,10,30,4,42247.066667
prio_static,10,30,5,66025.433333
prio_static,10,30,6,66269.900000
prio_static,10,30,7,77018.666667
prio_static,10,30,8,69484.566667
prio_static,10,30,9,54106.200000
prio_static,10,30,10,61329.600000
prio_static,10,30,11,77462.600000
prio_static,10,30,12,75112.933333
prio_static,10,30,13,64847.400000
prio_static,10,30,14,62701.133333
prio_static,10,30,15,61242.633333
prio_static,10,30,16,91612.633333
prio_static,10,30,17,61226.100000
prio_static,10,30,18,50601.000000
prio_static,10,30,19,55267.200000
prio_static,10,30,20,66334.466667
prio_static,10,30,21,53757.000000
prio_static,10,30,22,64978.100000
prio_static,10,30,23,64969.300000
prio_static,10,30,24,58417.966667
prio_static,10,30,25,46024.566667
prio_static,10,30,26,71365.666667
prio_static,10,30,27,43189.033333
prio_static,10,30,28,69032.766667
prio_static,10,30,29,59899.666667
prio_static,10,30,30,57348.166667
prio_static,10,40,1,71581.350000
prio_static,10,40,2,68183.975000
prio_static,10,40,3,52435.375000
prio_static,10,40,4,83258.800000
prio_static,10,40,5,68140.025000
prio_static,10,40,6,77428.025000
prio_static,10,40,7,87821.275000
prio_static,10,40,8,96021.750000
prio_static,10,40,9,79255.175000
prio_static,10,40,10,60375.725000
prio_static,10,40,11,76238.325000
prio_static,10,40,12,74967.575000
prio_static,10,40,13,87817.300000
prio_static,10,40,14,77162.725000
prio_static,10,40,15,80495.750000
prio_static,10,40,16,66334.300000
prio_static,10,40,17,82759.750000
prio_static,10,40,18,86522.325000
prio_static,10,40,19,84718.325000
prio_static,10,40,20,81394.750000
prio_static,10,40,21,90599.900000
prio_static,10,40,22,93979.550000
prio_static,10,40,23,93711.475000
prio_static,10,40,24,74947.775000
prio_static,10,40,25,85736.200000
prio_static,10,40,26,89696.050000
prio_static,10,40,27,85744.725000
prio_static,10,40,28,84024.025000
prio_static,10,40,29,81700.000000
prio_static,10,40,30,59301.750000
prio_static,10,50,1,109261.980000
prio_static,10,50,2,102496.080000
prio_static,10,50,3,91790.740000
prio_static,10,50,4,102055.020000
prio_static,10,50,5,110034.900000
prio_static,10,50,6,83859.540000
prio_static,10,50,7,90431.680000
prio_static,10,50,8,107709.700000
prio_static,10,50,9,98792.860000
prio_static,10,50,10,101544.160000
prio_static,10,50,11,111286.680000
prio_static,10,50,12,85053.000000
prio_static,10,50,13,100126.460000
prio_static,10,50,14,101927.960000
prio_static,10,50,15,102568.500000
prio_static,10,50,16,100433.500000
prio_static,10,50,17,93001.640000
prio_static,10,50,18,113986.780000
prio_static,10,50,19,87312.200000
prio_static,10,50,20,113726.500000
prio_static,10,50,21,87687.080000
prio_static,10,50,22,112825.300000
prio_static,10,50,23,109421.480000
prio_static,10,50,24,88230.200000
prio_static,10,50,25,106401.740000
prio_static,10,50,26,90840.460000
prio_static,10,50,27,109792.120000
prio_static,10,50,28,86952.120000
prio_static,10,50,29,123453.140000
prio_static,10,50,30,101607.060000
prio_static,10,60,1,149965.066667
prio_static,10,60,2,141231.466667
prio_static,10,60,3,125197.016667
prio_static,10,60,4,141116.050000
prio_static,10,60,5,136568.883333
prio_static,10,60,6,140556.050000
prio_static,10,60,7,128730.450000
prio_static,10,60,8,133816.566667
prio_static,10,60,9,106833.116667
prio_static,10,60,10,116851.966667
prio_static,10,60,11,118944.000000
prio_static,10,60,12,131900.083333
prio_static,10,60,13,104612.366667
prio_static,10,60,14,112547.633333
prio_static,10,60,15,122345.733333
prio_static,10,60,16,108365.950000
prio_static,10,60,17,128022.366667
prio_static,10,60,18,124143.233333
prio_static,10,60,19,102690.600000
prio_static,10,60,20,135057.833333
prio_static,10,60,21,113874.183333
prio_static,10,60,22,142383.933333
prio_static,10,60,23,105256.116667
prio_static,10,60,24,139649.583333
prio_static,10,60,25,104812.016667
prio_static,10,60,26,127964.883333
prio_static,10,60,27,124346.283333
prio_static,10,60,28,137422.383333
prio_static,10,60,29,124223.950000
prio_static,10,60,30,133769.416667
prio_static,10,70,1,150556.642857
prio_static,10,70,2,164594.828571
prio_static,10,70,3,160632.728571
prio_static,10,70,4,136513.957143
prio_static,10,70,5,141736.257143
prio_static,10,70,6,121959.928571
prio_static,10,70,7,150862.028571
prio_static,10,70,8,123308.057143
prio_static,10,70,9,141912.157143
prio_static,10,70,10,154757.814286
prio_static,10,70,11,198128.857143
prio_static,10,70,12,184626.471429
prio_static,10,70,13,143818.028571
prio_static,10,70,14,155180.414286
prio_static,10,70,15,143055.742857
prio_static,10,70,16,118587.185714
prio_static,10,70,17,125245.042857
prio_static,10,70,18,153754.457143
prio_static,10,70,19,152653.028571
prio_static,10,70,20,150648.285714
prio_static,10,70,21,159241.757143
prio_static,10,70,22,139449.557143
prio_static,10,70,23,162566.585714
prio_static,10,70,24,144918.328571
prio_static,10,70,25,156211.628571
prio_static,10,70,26,137094.342857
prio_static,10,70,27,141152.142857
prio_static,10,70,28,166857.528571
prio_static,10,70,29,129531.785714
prio_static,10,70,30,157206.328571
prio_static,10,80,1,172400.012500
prio_static,10,80,2,170286.887500
prio_static,10,80,3,168609.162500
prio_static,10,80,4,170935.400000
prio_static,10,80,5,189620.587500
prio_static,10,80,6,171349.012500
prio_static,10,80,7,150663.025000
prio_static,10,80,8,205985.000000
prio_static,10,80,9,157404.450000
prio_static,10,80,10,183438.350000
prio_static,10,80,11,157944.600000
prio_static,10,80,12,173271.150000
prio_static,10,80,13,179759.150000
prio_static,10,80,14,151014.712500
prio_static,10,80,15,178560.625000
prio_static,10,80,16,162779.075000
prio_static,10,80,17,149165.087500
prio_static,10,80,18,145698.675000
prio_static,10,80,19,182966.450000
prio_static,10,80,20,175478.475000
prio_static,10,80,21,158826.662500
prio_static,10,80,22,175958.825000
prio_static,10,80,23,170976.087500
prio_static,10,80,24,172681.037500
prio_static,10,80,25,155489.287500
prio_static,10,80,26,174920.725000
prio_static,10,80,27,176559.175000
prio_static,10,80,28,184385.475000
prio_static,10,80,29,174954.300000
prio_static,10,80,30,184404.075000
prio_static,10,90,1,208802.022222
prio_static,10,90,2,187836.166667
prio_static,10,90,3,196690.111111
prio_static,10,90,4,206829.811111
prio_static,10,90,5,165101.022222
prio_static,10,90,6,204393.211111
prio_static,10,90,7,211127.500000
prio_static,10,90,8,176414.788889
prio_static,10,90,9,185950.644444
prio_static,10,90,10,172134.244444
prio_static,10,90,11,186381.388889
prio_static,10,90,12,189516.733333
prio_static,10,90,13,168493.566667
prio_static,10,90,14,142640.222222
prio_static,10,90,15,182291.788889
prio_static,10,90,16,189306.388889
prio_static,10,90,17,191190.077778
prio_static,10,90,18,193530.622222
prio_static,10,90,19,176852.722222
prio_static,10,90,20,220129.333333
prio_static,10,90,21,186534.777778
prio_static,10,90,22,198406.922222
prio_static,10,90,23,178173.755556
prio_static,10,90,24,188965.788889
prio_static,10,90,25,190004.444444
prio_static,10,90,26,186726.944444
prio_static,10,90,27,193262.222222
prio_static,10,90,28,175863.388889
prio_static,10,90,29,205455.533333
prio_static,10,90,30,190629.433333
prio_static,10,100,1,211723.990000
prio_static,10,100,2,203526.680000
prio_static,10,100,3,202463.000000
prio_static,10,100,4,194346.700000
prio_static,10,100,5,233995.030000
prio_static,10,100,6,227242.070000
prio_static,10,100,7,237343.450000
prio_static,10,100,8,254300.170000
prio_static,10,100,9,216563.880000
prio_static,10,100,10,187701.530000
prio_static,10,100,11,173978.800000
prio_static,10,100,12,199780.250000
prio_static,10,100,13,182844.700000
prio_static,10,100,14,220580.160000
prio_static,10,100,15,195839.880000
prio_static,10,100,16,237591.420000
prio_static,10,100,17,232384.730000
prio_static,10,100,18,204595.840000
prio_static,10,100,19,233076.860000
prio_static,10,100,20,217671.470000
prio_static,10,100,21,206142.180000
prio_static,10,100,22,200807.470000
prio_static,10,100,23,225544.680000
prio_static,10,100,24,217485.700000
prio_static,10,100,25,199118.610000
prio_static,10,100,26,236573.930000
prio_static,10,100,27,215203.130000
prio_static,10,100,28,237555.450000
prio_static,10,100,29,194020.840000
prio_static,10,100,30,231805.800000
prio_static,20,10,1,12018.800000
prio_static,20,10,2,10115.100000
prio_static,20,10,3,13105.500000
prio_static,20,10,4,19813.300000
prio_static,20,10,5,15084.600000
prio_static,20,10,6,11726.900000
prio_static,20,10,7,10586.700000
prio_static,20,10,8,8264.700000
prio_static,20,10,9,14808.900000
prio_static,20,10,10,10311.500000
prio_static,20,10,11,11892.700000
prio_static,20,10,12,9278.700000
prio_static,20,10,13,8017.200000
prio_static,20,10,14,10444.100000
prio_static,20,10,15,13161.500000
prio_static,20,10,16,14588.900000
prio_static,20,10,17,15456.500000
prio_static,20,10,18,13247.100000
prio_static,20,10,19,5804.000000
prio_static,20,10,20,8955.800000
prio_static,20,10,21,10099.900000
prio_static,20,10,22,8725.900000
prio_static,20,10,23,7223.200000
prio_static,20,10,24,11197.700000
prio_static,20,10,25,12853.900000
prio_static,20,10,26,13410.100000
prio_static,20,10,27,9578.500000
prio_static,20,10,28,7722.000000
prio_static,20,10,29,14568.100000
prio_static,20,10,30,10653.100000
prio_static,20,20,1,22316.650000
prio_static,20,20,2,25965.400000
prio_static,20,20,3,12458.000000
prio_static,20,20,4,15443.500000
prio_static,20,20,5,20473.200000
prio_static,20,20,6,23938.550000
prio_static,20,20,7,16630.700000
prio_static,20,20,8,18493.700000
prio_static,20,20,9,26142.400000
prio_static,20,20,10,24862.550000
prio_static,20,20,11,29531.350000
prio_static,20,20,12,28836.200000
prio_static,20,20,13,21060.950000
prio_static,20,20,14,26356.200000
prio_static,20,20,15,19064.850000
prio_static,20,20,16,22381.500000
prio_static,20,20,17,19635.350000
prio_static,20,20,18,25622.250000
prio_static,20,20,19,22174.750000
prio_static,20,20,20,24349.950000
prio_static,20,20,21,16074.400000
prio_static,20,20,22,15704.600000
prio_static,20,20,23,17880.700000
prio_static,20,20,24,21445.550000
prio_static,20,20,25,20936.950000
prio_static,20,20,26,10602.250000
prio_static,20,20,27,24470.650000
prio_static,20,20,28,24551.750000
prio_static,20,20,29,18426.450000
prio_static,20,20,30,15861.300000
prio_static,20,30,1,29115.900000
prio_static,20,30,2,34408.366667
prio_static,20,30,3,20679.566667
prio_static,20,30,4,28932.566667
prio_static,20,30,5,28470.700000
prio_static,20,30,6,34043.400000
prio_static,20,30,7,37796.766667
prio_static,20,30,8,27920.500000
prio_static,20,30,9,38283.666667
prio_static,20,30,10,22782.200000
prio_static,20,30,11,41257.133333
prio_static,20,30,12,28505.700000
prio_static,20,30,13,34075.500000
prio_static,20,30,14,34154.066667
prio_static,20,30,15,25944.400000
prio_static,20,30,16,38377.233333
prio_static,20,30,17,40810.233333
prio_static,20,30,18,32590.733333
prio_static,20,30,19,35768.100000
prio_static,20,30,20,32775.133333
prio_static,20,30,21,43724.433333
prio_static,20,30,22,32860.233333
prio_static,20,30,23,24678.200000
prio_static,20,30,24,38185.566667
prio_static,20,30,25,32480.266667
prio_static,20,30,26,34513.433333
prio_static,20,30,27,84207.700000
prio_static,20,30,28,28899.500000
prio_static,20,30,29,35180.500000
prio_static,20,30,30,33285.433333
prio_static,20,40,1,40730.175000
prio_static,20,40,2,36805.525000
prio_static,20,40,3,39095.725000
prio_static,20,40,4,46355.400000
prio_static,20,40,5,37246.550000
prio_static,20,40,6,47573.850000
prio_static,20,40,7,45723.900000
prio_static,20,40,8,41837.025000
prio_static,20,40,9,52049.650000
prio_static,20,40,10,45687.725000
prio_static,20,40,11,37592.725000
prio_static,20,40,12,33562.075000
prio_static,20,40,13,41075.375000
prio_static,20,40,14,37510.775000
prio_static,20,40,15,48047.275000
prio_static,20,40,16,47742.875000
prio_static,20,40,17,40763.800000
prio_static,20,40,18,47450.250000
prio_static,20,40,19,50496.400000
prio_static,20,40,20,43020.875000
prio_static,20,40,21,28465.400000
prio_static,20,40,22,45025.125000
prio_static,20,40,23,35471.900000
prio_static,20,40,24,45005.525000
prio_static,20,40,25,56749.600000
prio_static,20,40,26,43275.850000
prio_static,20,40,27,44663.900000
prio_static,20,40,28,38487.975000
prio_static,20,40,29,37452.875000
prio_static,20,40,30,52842.750000
prio_static,20,50,1,42087.100000
prio_static,20,50,2,66491.300000
prio_static,20,50,3,50160.980000
prio_static,20,50,4,43628.660000
prio_static,20,50,5,71296.500000
prio_static,20,50,6,47123.840000
prio_static,20,50,7,50497.240000
prio_static,20,50,8,57146.140000
prio_static,20,50,9,53620.040000
prio_static,20,50,10,45909.840000
prio_static,20,50,11,68024.240000
prio_static,20,50,12,51385.580000
prio_static,20,50,13,63859.320000
prio_static,20,50,14,62045.520000
prio_static,20,50,15,49376.080000
prio_static,20,50,16,63152.820000
prio_static,20,50,17,54679.200000
prio_static,20,50,18,58531.820000
prio_static,20,50,19,49001.000000
prio_static,20,50,20,46031.080000
prio_static,20,50,21,69861.520000
prio_static,20,50,22,47808.620000
prio_static,20,50,23,62730.960000
prio_static,20,50,24,53493.180000
prio_static,20,50,25,48359.880000
prio_static,20,50,26,69240.700000
prio_static,20,50,27,62273.980000
prio_static,20,50,28,58973.140000
prio_static,20,50,29,59464.560000
prio_static,20,50,30,54198.440000
prio_static,20,60,1,62019.016667
prio_static,20,60,2,68356.516667
prio_static,20,60,3,56325.700000
prio_static,20,60,4,70476.750000
prio_static,20,60,5,56741.600000
prio_static,20,60,6,76321.083333
prio_static,20,60,7,48680.883333
prio_static,20,60,8,69688.150000
prio_static,20,60,9,71155.250000
prio_static,20,60,10,73563.516667
prio_static,20,60,11,65200.700000
prio_static,20,60,12,65690.033333
prio_static,20,60,13,61748.400000
prio_static,20,60,14,55798.916667
prio_static,20,60,15,62343.700000
prio_static,20,60,16,67916.566667
prio_static,20,60,17,70233.966667
prio_static,20,60,18,69483.666667
prio_static,20,60,19,60484.083333
prio_static,20,60,20,66644.333333
prio_static,20,60,21,54893.366667
prio_static,20,60,22,70963.883333
prio_static,20,60,23,67648.233333
prio_static,20,60,24,62789.133333
prio_static,20,60,25,56298.283333
prio_static,20,60,26,71047.866667
prio_static,20,60,27,88360.083333
prio_static,20,60,28,53874.233333
prio_static,20,60,29,63623.700000
prio_static,20,60,30,75815.350000
prio_static,20,70,1,76708.714286
prio_static,20,70,2,73404.742857
prio_static,20,70,3,88741.171429
prio_static,20,70,4,72759.585714
prio_static,20,70,5,77451.585714
prio_static,20,70,6,79811.400000
prio_static,20,70,7,82807.057143
prio_static,20,70,8,74982.628571
prio_static,20,70,9,82683.100000
prio_static,20,70,10,77623.828571
prio_static,20,70,11,81554.457143
prio_static,20,70,12,82657.371429
prio_static,20,70,13,62668.328571
prio_static,20,70,14,81337.957143
prio_static,20,70,15,78047.957143
prio_static,20,70,16,79391.700000
prio_static,20,70,17,74725.571429
prio_static,20,70,18,66193.842857
prio_static,20,70,19,67326.100000
prio_static,20,70,20,69937.214286
prio_static,20,70,21,75106.457143
prio_static,20,70,22,76122.142857
prio_static,20,70,23,70143.085714
prio_static,20,70,24,87304.742857
prio_static,20,70,25,78988.985714
prio_static,20,70,26,81450.914286
prio_static,20,70,27,67599.614286
prio_static,20,70,28,76154.414286
prio_static,20,70,29,81394.014286
prio_static,20,70,30,69899.485714
prio_static,20,80,1,90852.225000
prio_static,20,80,2,90346.050000
prio_static,20,80,3,77822.712500
prio_static,20,80,4,81622.312500
prio_static,20,80,5,91302.000000
prio_static,20,80,6,96027.150000
prio_static,20,80,7,77572.312500
prio_static,20,80,8,115634.162500
prio_static,20,80,9,76496.075000
prio_static,20,80,10,86554.250000
prio_static,20,80,11,81960.637500
prio_static,20,80,12,71271.850000
prio_static,20,80,13,68760.862500
prio_static,20,80,14,79995.150000
prio_static,20,80,15,87235.875000
prio_static,20,80,16,81266.787500
prio_static,20,80,17,85585.125000
prio_static,20,80,18,111648.237500
prio_static,20,80,19,90368.125000
prio_static,20,80,20,85470.550000
prio_static,20,80,21,69693.962500
prio_static,20,80,22,95610.650000
prio_static,20,80,23,93022.000000
prio_static,20,80,24,83049.962500
prio_static,20,80,25,97204.425000
prio_static,20,80,26,89617.900000
prio_static,20,80,27,75181.987500
prio_static,20,80,28,83990.800000
prio_static,20,80,29,96569.275000
prio_static,20,80,30,99063.550000
prio_static,20,90,1,94193.733333
prio_static,20,90,2,103283.822222
prio_static,20,90,3,103297.233333
prio_static,20,90,4,116245.455556
prio_static,20,90,5,102155.722222
prio_static,20,90,6,121942.466667
prio_static,20,90,7,111773.111111
prio_static,20,90,8,100137.666667
prio_static,20,90,9,105821.511111
prio_static,20,90,10,100786.788889
prio_static,20,90,11,109614.888889
prio_static,20,90,12,108687.166667
prio_static,20,90,13,126427.933333
prio_static,20,90,14,109408.155556
prio_static,20,90,15,118508.133333
prio_static,20,90,16,114919.244444
prio_static,20,90,17,94442.955556
prio_static,20,90,18,130008.633333
prio_static,20,90,19,98302.300000
prio_static,20,90,20,113130.366667
prio_static,20,90,21,93635.511111
prio_static,20,90,22,93263.233333
prio_static,20,90,23,120989.577778
prio_static,20,90,24,106510.433333
prio_static,20,90,25,105320.711111
prio_static,20,90,26,98599.600000
prio_static,20,90,27,91370.955556
prio_static,20,90,28,99557.677778
prio_static,20,90,29,94490.244444
prio_static,20,90,30,128348.855556
prio_static,20,100,1,112503.300000
prio_static,20,100,2,109408.990000
prio_static,20,100,3,123201.420000
prio_static,20,100,4,109997.240000
prio_static,20,100,5,107653.090000
prio_static,20,100,6,110091.590000
prio_static,20,100,7,101636.750000
prio_static,20,100,8,123327.970000
prio_static,20,100,9,116703.870000
prio_static,20,100,10,103071.500000
prio_static,20,100,11,95828.920000
prio_static,20,100,12,119268.870000
prio_static,20,100,13,109465.030000
prio_static,20,100,14,104423.260000
prio_static,20,100,15,106545.740000
prio_static,20,100,16,128912.000000
prio_static,20,100,17,98191.740000
prio_static,20,100,18,117006.190000
prio_static,20,100,19,84434.540000
prio_static,20,100,20,120109.000000
prio_static,20,100,21,117746.690000
prio_static,20,100,22,132412.780000
prio_static,20,100,23,130833.340000
prio_static,20,100,24,118096.440000
prio_static,20,100,25,83447.690000
prio_static,20,100,26,95941.330000
prio_static,20,100,27,122783.950000
prio_static,20,100,28,136254.940000
prio_static,20,100,29,103890.840000
prio_static,20,100,30,124687.930000
prio_static,30,10,1,7206.300000
prio_static,30,10,2,7825.400000
prio_static,30,10,3,5930.100000
prio_static,30,10,4,7903.800000
prio_static,30,10,5,10811.600000
prio_static,30,10,6,11974.600000
prio_static,30,10,7,10486.800000
prio_static,30,10,8,11804.300000
prio_static,30,10,9,6835.300000
prio_static,30,10,10,8661.100000
prio_static,30,10,11,5300.900000
prio_static,30,10,12,11982.300000
prio_static,30,10,13,10156.400000
prio_static,30,10,14,5966.000000
prio_static,30,10,15,12105.900000
prio_static,30,10,16,9095.600000
prio_static,30,10,17,10427.200000
prio_static,30,10,18,8801.000000
prio_static,30,10,19,9740.100000
prio_static,30,10,20,10333.700000
prio_static,30,10,21,5993.600000
prio_static,30,10,22,6649.000000
prio_static,30,10,23,13084.700000
prio_static,30,10,24,6696.200000
prio_static,30,10,25,7005.500000
prio_static,30,10,26,7678.000000
prio_static,30,10,27,10759.600000
prio_static,30,10,28,8558.700000
prio_static,30,10,29,13661.600000
prio_static,30,10,30,11098.500000
prio_static,30,20,1,12899.500000
prio_static,30,20,2,21418.850000
prio_static,30,20,3,21653.700000
prio_static,30,20,4,14293.750000
prio_static,30,20,5,26343.250000
prio_static,30,20,6,22098.500000
prio_static,30,20,7,13905.950000
prio_static,30,20,8,16319.950000
prio_static,30,20,9,17707.200000
prio_static,30,20,10,22045.000000
prio_static,30,20,11,18743.050000
prio_static,30,20,12,18865.850000
prio_static,30,20,13,16820.900000
prio_static,30,20,14,19227.200000
prio_static,30,20,15,17330.650000
prio_static,30,20,16,19616.800000
prio_static,30,20,17,12228.150000
prio_static,30,20,18,17382.700000
prio_static,30,20,19,16004.700000
prio_static,30,20,20,20129.150000
prio_static,30,20,21,18384.450000
prio_static,30,20,22,30471.350000
prio_static,30,20,23,11540.350000
prio_static,30,20,24,12937.750000
prio_static,30,20,25,15105.250000
prio_static,30,20,26,19401.950000
prio_static,30,20,27,20084.500000
prio_static,30,20,28,20897.450000
prio_static,30,20,29,23763.950000
prio_static,30,20,30,15812.800000
prio_static,30,30,1,27541.466667
prio_static,30,30,2,23436.233333
prio_static,30,30,3,18119.633333
prio_static,30,30,4,16993.866667
prio_static,30,30,5,27133.866667
prio_static,30,30,6,23025.800000
prio_static,30,30,7,26032.533333
prio_static,30,30,8,20277.566667
prio_static,30,30,9,23527.500000
prio_static,30,30,10,29935.233333
prio_static,30,30,11,25100.633333
prio_static,30,30,12,18445.300000
prio_static,30,30,13,26828.333333
prio_static,30,30,14,19333.666667
prio_static,30,30,15,27093.666667
prio_static,30,30,16,21600.366667
prio_static,30,30,17,24734.266667
prio_static,30,30,18,26622.433333
prio_static,30,30,19,20275.700000
prio_static,30,30,20,26049.233333
prio_static,30,30,21,17789.533333
prio_static,30,30,22,24679.000000
prio_static,30,30,23,27787.366667
prio_static,30,30,24,21604.300000
prio_static,30,30,25,26785.800000
prio_static,30,30,26,18180.933333
prio_static,30,30,27,25933.533333
prio_static,30,30,28,21088.866667
prio_static,30,30,29,20557.233333
prio_static,30,30,30,26303.766667
prio_static,30,40,1,32087.925000
prio_static,30,40,2,33821.500000
prio_static,30,40,3,31271.625000
prio_static,30,40,4,32290.575000
prio_static,30,40,5,30328.450000
prio_static,30,40,6,30196.075000
prio_static,30,40,7,42423.450000
prio_static,30,40,8,26120.900000
prio_static,30,40,9,31923.350000
prio_static,30,40,10,28793.325000
prio_static,30,40,11,34298.825000
prio_static,30,40,12,36094.125000
prio_static,30,40,13,23633.150000
prio_static,30,40,14,24140.575000
prio_static,30,40,15,33020.000000
prio_static,30,40,16,34572.925000
prio_static,30,40,17,37927.650000
prio_static,30,40,18,38411.925000
prio_static,30,40,19,20784.950000
prio_static,30,40,20,28639.225000
prio_static,30,40,21,25910.175000
prio_static,30,40,22,24584.925000
prio_static,30,40,23,32342.525000
prio_static,30,40,24,27477.125000
prio_static,30,40,25,26774.525000
prio_static,30,40,26,24019.800000
prio_static,30,40,27,30422.225000
prio_static,30,40,28,43317.600000
prio_static,30,40,29,25645.400000
prio_static,30,40,30,33471.675000
prio_static,30,50,1,32687.120000
prio_static,30,50,2,49228.380000
prio_static,30,50,3,41453.840000
prio_static,30,50,4,35012.020000
prio_static,30,50,5,39166.220000
prio_static,30,50,6,42247.720000
prio_static,30,50,7,28141.100000
prio_static,30,50,8,40433.020000
prio_static,30,50,9,50950.060000
prio_static,30,50,10,40643.220000
prio_static,30,50,11,30516.600000
prio_static,30,50,12,34610.820000
prio_static,30,50,13,40479.340000
prio_static,30,50,14,46388.540000
prio_static,30,50,15,37538.820000
prio_static,30,50,16,42289.140000
prio_static,30,50,17,43744.300000
prio_static,30,50,18,49911.980000
prio_static,30,50,19,36343.040000
prio_static,30,50,20,37891.320000
prio_static,30,50,21,34411.540000
prio_static,30,50,22,35905.480000
prio_static,30,50,23,35133.180000
prio_static,30,50,24,31204.840000
prio_static,30,50,25,35870.760000
prio_static,30,50,26,38810.940000
prio_static,30,50,27,35482.820000
prio_static,30,50,28,41478.440000
prio_static,30,50,29,39461.540000
prio_static,30,50,30,49741.680000
prio_static,30,60,1,42033.766667
prio_static,30,60,2,47936.100000
prio_static,30,60,3,39854.050000
prio_static,30,60,4,57537.700000
prio_static,30,60,5,57186.300000
prio_static,30,60,6,47686.266667
prio_static,30,60,7,43463.016667
prio_static,30,60,8,50902.350000
prio_static,30,60,9,42710.283333
prio_static,30,60,10,47817.650000
prio_static,30,60,11,38857.516667
prio_static,30,60,12,44788.283333
prio_static,30,60,13,43692.450000
prio_static,30,60,14,43829.500000
prio_static,30,60,15,42986.183333
prio_static,30,60,16,44450.033333
prio_static,30,60,17,38536.333333
prio_static,30,60,18,46032.083333
prio_static,30,60,19,46756.150000
prio_static,30,60,20,51407.600000
prio_static,30,60,21,48541.250000
prio_static,30,60,22,42545.433333
prio_static,30,60,23,55418.416667
prio_static,30,60,24,40862.350000
prio_static,30,60,25,47546.866667
prio_static,30,60,26,74082.233333
prio_static,30,60,27,42896.683333
prio_static,30,60,28,44457.200000
prio_static,30,60,29,55363.450000
prio_static,30,60,30,51662.833333
prio_static,30,70,1,46153.942857
prio_static,30,70,2,46798.142857
prio_static,30,70,3,64992.085714
prio_static,30,70,4,51521.828571
prio_static,30,70,5,48147.771429
prio_static,30,70,6,55815.128571
prio_static,30,70,7,51506.242857
prio_static,30,70,8,54387.771429
prio_static,30,70,9,61468.771429
prio_static,30,70,10,52621.142857
prio_static,30,70,11,48875.814286
prio_static,30,70,12,51013.100000
prio_static,30,70,13,48797.328571
prio_static,30,70,14,65889.757143
prio_static,30,70,15,59875.942857
prio_static,30,70,16,56054.142857
prio_static,30,70,17,52865.728571
prio_static,30,70,18,51553.700000
prio_static,30,70,19,65696.528571
prio_static,30,70,20,59348.500000
prio_static,30,70,21,46280.185714
prio_static,30,70,22,50433.871429
prio_static,30,70,23,49673.742857
prio_static,30,70,24,54641.042857
prio_static,30,70,25,54771.957143
prio_static,30,70,26,58838.771429
prio_static,30,70,27,44064.728571
prio_static,30,70,28,55509.900000
prio_static,30,70,29,53312.428571
prio_static,30,70,30,52622.971429
prio_static,30,80,1,70026.325000
prio_static,30,80,2,65963.562500
prio_static,30,80,3,58577.112500
prio_static,30,80,4,54876.025000
prio_static,30,80,5,66031.100000
prio_static,30,80,6,58679.875000
prio_static,30,80,7,57178.225000
prio_static,30,80,8,69037.425000
prio_static,30,80,9,73875.737500
prio_static,30,80,10,70606.287500
prio_static,30,80,11,60924.687500
prio_static,30,80,12,73031.187500
prio_static,30,80,13,58303.162500
prio_static,30,80,14,52142.412500
prio_static,30,80,15,50322.975000
prio_static,30,80,16,57887.712500
prio_static,30,80,17,69339.650000
prio_static,30,80,18,70341.975000
prio_static,30,80,19,56991.500000
prio_static,30,80,20,54237.537500
prio_static,30,80,21,62133.762500
prio_static,30,80,22,64973.237500
prio_static,30,80,23,68493.387500
prio_static,30,80,24,65374.787500
prio_static,30,80,25,54952.125000
prio_static,30,80,26,68490.662500
prio_static,30,80,27,66016.300000
prio_static,30,80,28,56450.400000
prio_static,30,80,29,66955.750000
prio_static,30,80,30,64816.087500
prio_static,30,90,1,62800.822222
prio_static,30,90,2,86983.688889
prio_static,30,90,3,77376.088889
prio_static,30,90,4,64091.611111
prio_static,30,90,5,64035.088889
prio_static,30,90,6,81624.844444
prio_static,30,90,7,64351.888889
prio_static,30,90,8,54605.277778
prio_static,30,90,9,78426.933333
prio_static,30,90,10,62757.577778
prio_static,30,90,11,61220.877778
prio_static,30,90,12,81925.722222
prio_static,30,90,13,74836.911111
prio_static,30,90,14,73625.344444
prio_static,30,90,15,71331.000000
prio_static,30,90,16,55899.855556
prio_static,30,90,17,83757.177778
prio_static,30,90,18,79170.911111
prio_static,30,90,19,65631.322222
prio_static,30,90,20,81994.522222
prio_static,30,90,21,58932.766667
prio_static,30,90,22,93329.800000
prio_static,30,90,23,83366.022222
prio_static,30,90,24,64481.766667
prio_static,30,90,25,61746.966667
prio_static,30,90,26,63997.488889
prio_static,30,90,27,83342.488889
prio_static,30,90,28,76677.466667
prio_static,30,90,29,69507.700000
prio_static,30,90,30,85589.544444
prio_static,30,100,1,95472.400000
prio_static,30,100,2,83907.470000
prio_static,30,100,3,82516.700000
prio_static,30,100,4,79088.010000
prio_static,30,100,5,98337.170000
prio_static,30,100,6,82127.060000
prio_static,30,100,7,59018.620000
prio_static,30,100,8,78170.770000
prio_static,30,100,9,80915.930000
prio_static,30,100,10,87231.450000
prio_static,30,100,11,69681.800000
prio_static,30,100,12,90471.700000
prio_static,30,100,13,63696.290000
prio_static,30,100,14,89747.380000
prio_static,30,100,15,107425.250000
prio_static,30,100,16,58185.600000
prio_static,30,100,17,80259.720000
prio_static,30,100,18,80431.440000
prio_static,30,100,19,85613.630000
prio_static,30,100,20,87128.260000
prio_static,30,100,21,79186.830000
prio_static,30,100,22,91465.310000
prio_static,30,100,23,98366.350000
prio_static,30,100,24,68311.500000
prio_static,30,100,25,96367.580000
prio_static,30,100,26,69634.090000
prio_static,30,100,27,81587.730000
prio_static,30,100,28,83492.230000
prio_static,30,100,29,96869.260000
prio_static,30,100,30,81871.680000
prio_dynamic,10,10,1,24369.100000
prio_dynamic,10,10,2,30091.100000
prio_dynamic,10,10,3,29359.100000
prio_dynamic,10,10,4,16391.800000
prio_dynamic,10,10,5,22106.100000
prio_dynamic,10,10,6,18588.900000
prio_dynamic,10,10,7,23210.800000
prio_dynamic,10,10,8,22645.100000
prio_dynamic,10,10,9,29854.900000
prio_dynamic,10,10,10,24463.000000
prio_dynamic,10,10,11,22002.400000
prio_dynamic,10,10,12,19110.400000
prio_dynamic,10,10,13,18313.500000
prio_dynamic,10,10,14,14460.200000
prio_dynamic,10,10,15,21157.700000
prio_dynamic,10,10,16,14207.300000
prio_dynamic,10,10,17,25941.300000
prio_dynamic,10,10,18,23952.400000
prio_dynamic,10,10,19,23440.100000
prio_dynamic,10,10,20,39443.800000
prio_dynamic,10,10,21,22024.700000
prio_dynamic,10,10,22,39017.300000
prio_dynamic,10,10,23,22328.600000
prio_dynamic,10,10,24,17684.100000
prio_dynamic,10,10,25,10843.700000
prio_dynamic,10,10,26,20566.800000
prio_dynamic,10,10,27,19852.600000
prio_dynamic,10,10,28,13389.400000
prio_dynamic,10,10,29,22391.900000
prio_dynamic,10,10,30,25191.000000
prio_dynamic,10,20,1,32013.350000
prio_dynamic,10,20,2,47135.800000
prio_dynamic,10,20,3,33869.800000
prio_dynamic,10,20,4,37615.250000
prio_dynamic,10,20,5,37889.900000
prio_dynamic,10,20,6,41437.850000
prio_dynamic,10,20,7,45601.350000
prio_dynamic,10,20,8,36640.750000
prio_dynamic,10,20,9,45206.300000
prio_dynamic,10,20,10,30833.950000
prio_dynamic,10,20,11,37641.800000
prio_dynamic,10,20,12,45571.200000
prio_dynamic,10,20,13,48077.000000
prio_dynamic,10,20,14,52804.450000
prio_dynamic,10,20,15,51537.950000
prio_dynamic,10,20,16,54291.800000
prio_dynamic,10,20,17,50966.250000
prio_dynamic,10,20,18,38931.350000
prio_dynamic,10,20,19,42281.500000
prio_dynamic,10,20,20,50917.550000
prio_dynamic,10,20,21,62878.550000
prio_dynamic,10,20,22,39335.300000
prio_dynamic,10,20,23,26156.600000
prio_dynamic,10,20,24,42644.700000
prio_dynamic,10,20,25,35716.050000
prio_dynamic,10,20,26,45955.150000
prio_dynamic,10,20,27,38053.400000
prio_dynamic,10,20,28,40980.200000
prio_dynamic,10,20,29,49094.250000
prio_dynamic,10,20,30,29993.650000
prio_dynamic,10,30,1,67409.166667
prio_dynamic,10,30,2,84304.666667
prio_dynamic,10,30,3,75477.233333
prio_dynamic,10,30,4,60253.133333
prio_dynamic,10,30,5,72634.533333
prio_dynamic,10,30,6,84937.166667
prio_dynamic,10,30,7,65405.600000
prio_dynamic,10,30,8,53846.633333
prio_dynamic,10,30,9,81268.233333
prio_dynamic,10,30,10,84328.533333
prio_dynamic,10,30,11,77619.633333
prio_dynamic,10,30,12,63830.466667
prio_dynamic,10,30,13,59959.500000
prio_dynamic,10,30,14,67029.766667
prio_dynamic,10,30,15,90243.133333
prio_dynamic,10,30,16,68090.533333
prio_dynamic,10,30,17,65762.000000
prio_dynamic,10,30,18,68659.733333
prio_dynamic,10,30,19,56272.466667
prio_dynamic,10,30,20,64414.700000
prio_dynamic,10,30,21,58380.666667
prio_dynamic,10,30,22,77454.100000
prio_dynamic,10,30,23,80081.133333
prio_dynamic,10,30,24,76345.166667
prio_dynamic,10,30,25,83645.833333
prio_dynamic,10,30,26,59699.666667
prio_dynamic,10,30,27,70561.633333
prio_dynamic,10,30,28,76945.533333
prio_dynamic,10,30,29,72720.933333
prio_dynamic,10,30,30,63331.333333
prio_dynamic,10,40,1,89118.575000
prio_dynamic,10,40,2,97593.225000
prio_dynamic,10,40,3,86466.300000
prio_dynamic,10,40,4,91765.350000
prio_dynamic,10,40,5,84698.850000
prio_dynamic,10,40,6,96053.750000
prio_dynamic,10,40,7,105652.925000
prio_dynamic,10,40,8,71115.075000
prio_dynamic,10,40,9,88826.175000
prio_dynamic,10,40,10,112835.350000
prio_dynamic,10,40,11,62266.925000
prio_dynamic,10,40,12,96187.450000
prio_dynamic,10,40,13,97914.250000
prio_dynamic,10,40,14,114207.200000
prio_dynamic,10,40,15,89761.125000
prio_dynamic,10,40,16,78677.050000
prio_dynamic,10,40,17,83136.800000
prio_dynamic,10,40,18,84830.650000
prio_dynamic,10,40,19,93909.225000
prio_dynamic,10,40,20,107729.800000
prio_dynamic,10,40,21,103990.600000
prio_dynamic,10,40,22,95923.925000
prio_dynamic,10,40,23,89256.550000
prio_dynamic,10,40,24,97167.075000
prio_dynamic,10,40,25,73871.250000
prio_dynamic,10,40,26,77830.600000
prio_dynamic,10,40,27,85722.025000
prio_dynamic,10,40,28,85970.525000
prio_dynamic,10,40,29,81532.000000
prio_dynamic,10,40,30,93036.550000
prio_dynamic,10,50,1,110927.600000
prio_dynamic,10,50,2,108343.200000
prio_dynamic,10,50,3,98861.620000
prio_dynamic,10,50,4,100964.040000
prio_dynamic,10,50,5,101025.360000
prio_dynamic,10,50,6,111603.360000
prio_dynamic,10,50,7,111683.420000
prio_dynamic,10,50,8,96178.420000
prio_dynamic,10,50,9,121382.760000
prio_dynamic,10,50,10,78690.780000
prio_dynamic,10,50,11,124610.040000
prio_dynamic,10,50,12,115477.960000
prio_dynamic,10,50,13,117196.560000
prio_dynamic,10,50,14,126014.540000
prio_dynamic,10,50,15,115041.560000
prio_dynamic,10,50,16,120598.600000
prio_dynamic,10,50,17,114578.980000
prio_dynamic,10,50,18,121709.980000
prio_dynamic,10,50,19,126636.240000
prio_dynamic,10,50,20,115938.780000
prio_dynamic,10,50,21,109055.960000
prio_dynamic,10,50,22,111600.440000
prio_dynamic,10,50,23,99286.920000
prio_dynamic,10,50,24,160710.400000
prio_dynamic,10,50,25,121387.520000
prio_dynamic,10,50,26,109735.880000
prio_dynamic,10,50,27,100945.620000
prio_dynamic,10,50,28,98027.140000
prio_dynamic,10,50,29,89233.980000
prio_dynamic,10,50,30,117588.820000
prio_dynamic,10,60,1,131504.183333
prio_dynamic,10,60,2,135092.466667
prio_dynamic,10,60,3,157162.633333
prio_dynamic,10,60,4,128128.500000
prio_dynamic,10,60,5,130731.050000
prio_dynamic,10,60,6,134371.300000
prio_dynamic,10,60,7,132043.650000
prio_dynamic,10,60,8,131794.933333
prio_dynamic,10,60,9,144048.650000
prio_dynamic,10,60,10,134790.300000
prio_dynamic,10,60,11,157587.800000
prio_dynamic,10,60,12,127184.500000
prio_dynamic,10,60,13,142889.316667
prio_dynamic,10,60,14,138264.433333
prio_dynamic,10,60,15,116362.700000
prio_dynamic,10,60,16,145793.266667
prio_dynamic,10,60,17,158321.200000
prio_dynamic,10,60,18,150028.950000
prio_dynamic,10,60,19,149005.516667
prio_dynamic,10,60,20,127095.783333
prio_dynamic,10,60,21,140910.333333
prio_dynamic,10,60,22,144099.066667
prio_dynamic,10,60,23,144366.083333
prio_dynamic,10,60,24,136950.166667
prio_dynamic,10,60,25,127716.050000
prio_dynamic,10,60,26,134992.866667
prio_dynamic,10,60,27,126019.033333
prio_dynamic,10,60,28,126882.133333
prio_dynamic,10,60,29,129450.100000
prio_dynamic,10,60,30,126697.933333
prio_dynamic,10,70,1,169950.857143
prio_dynamic,10,70,2,175628.428571
prio_dynamic,10,70,3,171438.700000
prio_dynamic,10,70,4,171401.857143
prio_dynamic,10,70,5,188983.514286
prio_dynamic,10,70,6,190957.257143
prio_dynamic,10,70,7,174442.542857
prio_dynamic,10,70,8,169410.700000
prio_dynamic,10,70,9,157148.985714
prio_dynamic,10,70,10,154633.542857
prio_dynamic,10,70,11,164531.728571
prio_dynamic,10,70,12,161529.800000
prio_dynamic,10,70,13,198498.042857
prio_dynamic,10,70,14,198511.042857
prio_dynamic,10,70,15,175291.242857
prio_dynamic,10,70,16,168747.342857
prio_dynamic,10,70,17,160406.685714
prio_dynamic,10,70,18,178310.414286
prio_dynamic,10,70,19,155362.700000
prio_dynamic,10,70,20,151301.414286
prio_dynamic,10,70,21,184837.628571
prio_dynamic,10,70,22,154436.328571
prio_dynamic,10,70,23,158542.771429
prio_dynamic,10,70,24,152864.071429
prio_dynamic,10,70,25,155676.228571
prio_dynamic,10,70,26,169897.542857
prio_dynamic,10,70,27,161030.700000
prio_dynamic,10,70,28,147023.328571
prio_dynamic,10,70,29,181293.271429
prio_dynamic,10,70,30,152917.357143
prio_dynamic,10,80,1,203466.175000
prio_dynamic,10,80,2,195219.587500
prio_dynamic,10,80,3,185957.125000
prio_dynamic,10,80,4,227840.687500
prio_dynamic,10,80,5,178051.100000
prio_dynamic,10,80,6,194490.437500
prio_dynamic,10,80,7,213375.587500
prio_dynamic,10,80,8,162504.112500
prio_dynamic,10,80,9,196719.950000
prio_dynamic,10,80,10,189611.187500
prio_dynamic,10,80,11,191378.950000
prio_dynamic,10,80,12,193051.900000
prio_dynamic,10,80,13,182412.837500
prio_dynamic,10,80,14,194047.425000
prio_dynamic,10,80,15,209384.250000
prio_dynamic,10,80,16,203847.112500
prio_dynamic,10,80,17,197945.400000
prio_dynamic,10,80,18,193680.300000
prio_dynamic,10,80,19,172753.325000
prio_dynamic,10,80,20,174155.750000
prio_dynamic,10,80,21,173171.362500
prio_dynamic,10,80,22,211234.087500
prio_dynamic,10,80,23,207934.450000
prio_dynamic,10,80,24,215823.525000
prio_dynamic,10,80,25,180730.725000
prio_dynamic,10,80,26,213032.575000
prio_dynamic,10,80,27,186248.525000
prio_dynamic,10,80,28,196042.675000
prio_dynamic,10,80,29,212353.275000
prio_dynamic,10,80,30,195915.237500
prio_dynamic,10,90,1,222095.466667
prio_dynamic,10,90,2,260171.333333
prio_dynamic,10,90,3,200493.500000
prio_dynamic,10,90,4,180824.922222
prio_dynamic,10,90,5,231182.144444
prio_dynamic,10,90,6,192093.688889
prio_dynamic,10,90,7,202902.544444
prio_dynamic,10,90,8,209502.922222
prio_dynamic,10,90,9,182017.077778
prio_dynamic,10,90,10,246204.200000
prio_dynamic,10,90,11,207021.911111
prio_dynamic,10,90,12,223206.722222
prio_dynamic,10,90,13,222459.566667
prio_dynamic,10,90,14,231232.133333
prio_dynamic,10,90,15,196000.688889
prio_dynamic,10,90,16,231665.844444
prio_dynamic,10,90,17,208843.400000
prio_dynamic,10,90,18,221096.533333
prio_dynamic,10,90,19,239802.333333
prio_dynamic,10,90,20,188565.000000
prio_dynamic,10,90,21,234605.244444
prio_dynamic,10,90,22,218312.677778
prio_dynamic,10,90,23,208375.833333
prio_dynamic,10,90,24,216426.777778
prio_dynamic,10,90,25,229148.900000
prio_dynamic,10,90,26,211055.377778
prio_dynamic,10,90,27,229476.044444
prio_dynamic,10,90,28,191974.555556
prio_dynamic,10,90,29,208666.977778
prio_dynamic,10,90,30,189106.266667
prio_dynamic,10,100,1,262931.080000
prio_dynamic,10,100,2,250241.550000
prio_dynamic,10,100,3,248277.070000
prio_dynamic,10,100,4,320086.140000
prio_dynamic,10,100,5,220833.410000
prio_dynamic,10,100,6,234732.350000
prio_dynamic,10,100,7,230916.370000
prio_dynamic,10,100,8,273574.620000
prio_dynamic,10,100,9,296300.730000
prio_dynamic,10,100,10,253659.060000
prio_dynamic,10,100,11,217052.460000
prio_dynamic,10,100,12,262942.130000
prio_dynamic,10,100,13,215223.690000
prio_dynamic,10,100,14,233350.330000
prio_dynamic,10,100,15,245482.610000
prio_dynamic,10,100,16,224842.130000
prio_dynamic,10,100,17,238942.000000
prio_dynamic,10,100,18,233540.450000
prio_dynamic,10,100,19,240261.140000
prio_dynamic,10,100,20,222908.160000
prio_dynamic,10,100,21,221099.520000
prio_dynamic,10,100,22,188374.930000
prio_dynamic,10,100,23,243337.880000
prio_dynamic,10,100,24,244830.430000
prio_dynamic,10,100,25,218950.870000
prio_dynamic,10,100,26,220777.300000
prio_dynamic,10,100,27,235019.160000
prio_dynamic,10,100,28,227862.370000
prio_dynamic,10,100,29,248920.650000
prio_dynamic,10,100,30,247559.800000
prio_dynamic,20,10,1,10380.700000
prio_dynamic,20,10,2,5826.100000
prio_dynamic,20,10,3,8735.000000
prio_dynamic,20,10,4,9313.600000
prio_dynamic,20,10,5,13210.900000
prio_dynamic,20,10,6,10024.300000
prio_dynamic,20,10,7,10344.800000
prio_dynamic,20,10,8,7980.400000
prio_dynamic,20,10,9,10520.300000
prio_dynamic,20,10,10,10863.300000
prio_dynamic,20,10,11,5534.100000
prio_dynamic,20,10,12,7581.100000
prio_dynamic,20,10,13,12358.300000
prio_dynamic,20,10,14,11352.000000
prio_dynamic,20,10,15,20018.800000
prio_dynamic,20,10,16,7233.600000
prio_dynamic,20,10,17,13778.800000
prio_dynamic,20,10,18,12513.100000
prio_dynamic,20,10,19,16186.400000
prio_dynamic,20,10,20,8061.100000
prio_dynamic,20,10,21,16039.700000
prio_dynamic,20,10,22,9050.300000
prio_dynamic,20,10,23,8519.500000
prio_dynamic,20,10,24,12033.800000
prio_dynamic,20,10,25,9883.200000
prio_dynamic,20,10,26,6174.900000
prio_dynamic,20,10,27,13703.900000
prio_dynamic,20,10,28,6187.400000
prio_dynamic,20,10,29,9830.000000
prio_dynamic,20,10,30,9825.600000
prio_dynamic,20,20,1,18665.150000
prio_dynamic,20,20,2,23673.150000
prio_dynamic,20,20,3,29910.100000
prio_dynamic,20,20,4,29649.800000
prio_dynamic,20,20,5,17786.400000
prio_dynamic,20,20,6,24024.000000
prio_dynamic,20,20,7,23590.750000
prio_dynamic,20,20,8,18725.450000
prio_dynamic,20,20,9,22511.500000
prio_dynamic,20,20,10,29336.500000
prio_dynamic,20,20,11,29245.300000
prio_dynamic,20,20,12,19780.200000
prio_dynamic,20,20,13,21465.100000
prio_dynamic,20,20,14,14830.350000
prio_dynamic,20,20,15,21456.100000
prio_dynamic,20,20,16,29797.200000
prio_dynamic,20,20,17,17419.900000
prio_dynamic,20,20,18,20229.800000
prio_dynamic,20,20,19,22554.450000
prio_dynamic,20,20,20,24875.400000
prio_dynamic,20,20,21,21418.050000
prio_dynamic,20,20,22,15111.750000
prio_dynamic,20,20,23,27897.950000
prio_dynamic,20,20,24,14040.650000
prio_dynamic,20,20,25,24142.900000
prio_dynamic,20,20,26,27199.850000
prio_dynamic,20,20,27,22233.050000
prio_dynamic,20,20,28,24042.850000
prio_dynamic,20,20,29,11043.300000
prio_dynamic,20,20,30,20757.650000
prio_dynamic,20,30,1,37246.766667
prio_dynamic,20,30,2,38992.466667
prio_dynamic,20,30,3,41985.833333
prio_dynamic,20,30,4,25291.533333
prio_dynamic,20,30,5,41336.866667
prio_dynamic,20,30,6,33860.866667
prio_dynamic,20,30,7,41218.566667
prio_dynamic,20,30,8,29790.566667
prio_dynamic,20,30,9,36844.133333
prio_dynamic,20,30,10,33631.400000
prio_dynamic,20,30,11,30944.933333
prio_dynamic,20,30,12,37033.333333
prio_dynamic,20,30,13,34362.033333
prio_dynamic,20,30,14,34998.333333
prio_dynamic,20,30,15,44134.766667
prio_dynamic,20,30,16,33587.966667
prio_dynamic,20,30,17,66261.333333
prio_dynamic,20,30,18,34648.966667
prio_dynamic,20,30,19,40474.133333
prio_dynamic,20,30,20,34002.800000
prio_dynamic,20,30,21,28437.200000
prio_dynamic,20,30,22,28019.966667
prio_dynamic,20,30,23,38184.033333
prio_dynamic,20,30,24,32707.166667
prio_dynamic,20,30,25,41496.766667
prio_dynamic,20,30,26,33202.600000
prio_dynamic,20,30,27,27553.066667
prio_dynamic,20,30,28,40214.800000
prio_dynamic,20,30,29,36055.766667
prio_dynamic,20,30,30,37999.966667
prio_dynamic,20,40,1,42003.675000
prio_dynamic,20,40,2,57010.450000
prio_dynamic,20,40,3,42942.700000
prio_dynamic,20,40,4,52179.700000
prio_dynamic,20,40,5,47504.800000
prio_dynamic,20,40,6,61394.125000
prio_dynamic,20,40,7,30438.225000
prio_dynamic,20,40,8,39039.775000
prio_dynamic,20,40,9,37181.950000
prio_dynamic,20,40,10,31896.675000
prio_dynamic,20,40,11,44242.375000
prio_dynamic,20,40,12,41132.575000
prio_dynamic,20,40,13,46881.650000
prio_dynamic,20,40,14,50408.600000
prio_dynamic,20,40,15,33736.275000
prio_dynamic,20,40,16,50736.400000
prio_dynamic,20,40,17,49312.675000
prio_dynamic,20,40,18,43955.975000
prio_dynamic,20,40,19,29686.500000
prio_dynamic,20,40,20,57434.800000
prio_dynamic,20,40,21,44027.825000
prio_dynamic,20,40,22,51661.275000
prio_dynamic,20,40,23,39219.525000
prio_dynamic,20,40,24,54653.075000
prio_dynamic,20,40,25,43413.900000
prio_dynamic,20,40,26,52273.750000
prio_dynamic,20,40,27,54694.025000
prio_dynamic,20,40,28,40141.400000
prio_dynamic,20,40,29,46748.700000
prio_dynamic,20,40,30,65535.350000
prio_dynamic,20,50,1,54279.360000
prio_dynamic,20,50,2,53197.320000
prio_dynamic,20,50,3,58030.880000
prio_dynamic,20,50,4,79203.100000
prio_dynamic,20,50,5,51998.380000
prio_dynamic,20,50,6,54970.720000
prio_dynamic,20,50,7,74700.080000
prio_dynamic,20,50,8,60286.260000
prio_dynamic,20,50,9,50815.980000
prio_dynamic,20,50,10,60086.400000
prio_dynamic,20,50,11,52835.260000
prio_dynamic,20,50,12,57218.020000
prio_dynamic,20,50,13,50107.380000
prio_dynamic,20,50,14,51263.920000
prio_dynamic,20,50,15,56891.200000
prio_dynamic,20,50,16,69807.120000
prio_dynamic,20,50,17,50657.120000
prio_dynamic,20,50,18,59525.300000
prio_dynamic,20,50,19,52821.280000
prio_dynamic,20,50,20,60902.640000
prio_dynamic,20,50,21,45430.480000
prio_dynamic,20,50,22,54202.720000
prio_dynamic,20,50,23,49711.920000
prio_dynamic,20,50,24,60630.660000
prio_dynamic,20,50,25,68227.260000
prio_dynamic,20,50,26,80206.720000
prio_dynamic,20,50,27,57542.540000
prio_dynamic,20,50,28,70709.800000
prio_dynamic,20,50,29,67591.860000
prio_dynamic,20,50,30,62012.960000
prio_dynamic,20,60,1,60555.283333
prio_dynamic,20,60,2,83450.183333
prio_dynamic,20,60,3,64941.233333
prio_dynamic,20,60,4,87803.133333
prio_dynamic,20,60,5,73695.800000
prio_dynamic,20,60,6,69768.483333
prio_dynamic,20,60,7,53703.083333
prio_dynamic,20,60,8,71913.200000
prio_dynamic,20,60,9,76529.100000
prio_dynamic,20,60,10,49190.016667
prio_dynamic,20,60,11,63085.783333
prio_dynamic,20,60,12,91285.266667
prio_dynamic,20,60,13,72605.200000
prio_dynamic,20,60,14,64255.950000
prio_dynamic,20,60,15,86209.933333
prio_dynamic,20,60,16,76193.483333
prio_dynamic,20,60,17,66130.433333
prio_dynamic,20,60,18,55012.816667
prio_dynamic,20,60,19,76549.033333
prio_dynamic,20,60,20,57007.916667
prio_dynamic,20,60,21,74621.166667
prio_dynamic,20,60,22,60635.266667
prio_dynamic,20,60,23,70535.533333
prio_dynamic,20,60,24,78708.100000
prio_dynamic,20,60,25,65734.316667
prio_dynamic,20,60,26,64851.933333
prio_dynamic,20,60,27,68322.716667
prio_dynamic,20,60,28,86200.816667
prio_dynamic,20,60,29,81750.483333
prio_dynamic,20,60,30,68794.700000
prio_dynamic,20,70,1,98189.414286
prio_dynamic,20,70,2,71607.828571
prio_dynamic,20,70,3,85115.542857
prio_dynamic,20,70,4,86293.800000
prio_dynamic,20,70,5,91661.600000
prio_dynamic,20,70,6,88253.442857
prio_dynamic,20,70,7,84375.428571
prio_dynamic,20,70,8,86987.314286
prio_dynamic,20,70,9,69452.271429
prio_dynamic,20,70,10,77362.757143
prio_dynamic,20,70,11,72441.142857
prio_dynamic,20,70,12,89133.757143
prio_dynamic,20,70,13,93968.385714
prio_dynamic,20,70,14,87760.442857
prio_dynamic,20,70,15,83745.642857
prio_dynamic,20,70,16,71846.571429
prio_dynamic,20,70,17,81260.057143
prio_dynamic,20,70,18,80885.742857
prio_dynamic,20,70,19,83145.814286
prio_dynamic,20,70,20,79773.785714
prio_dynamic,20,70,21,84775.828571
prio_dynamic,20,70,22,58459.657143
prio_dynamic,20,70,23,76224.185714
prio_dynamic,20,70,24,86395.214286
prio_dynamic,20,70,25,74467.514286
prio_dynamic,20,70,26,87665.185714
prio_dynamic,20,70,27,89612.600000
prio_dynamic,20,70,28,93668.657143
prio_dynamic,20,70,29,81709.700000
prio_dynamic,20,70,30,85406.157143
prio_dynamic,20,80,1,107907.262500
prio_dynamic,20,80,2,118397.012500
prio_dynamic,20,80,3,95403.662500
prio_dynamic,20,80,4,76105.062500
prio_dynamic,20,80,5,63700.062500
prio_dynamic,20,80,6,87582.512500
prio_dynamic,20,80,7,99235.562500
prio_dynamic,20,80,8,96380.275000
prio_dynamic,20,80,9,96677.900000
prio_dynamic,20,80,10,100803.200000
prio_dynamic,20,80,11,108997.225000
prio_dynamic,20,80,12,111797.025000
prio_dynamic,20,80,13,128454.387500
prio_dynamic,20,80,14,114213.075000
prio_dynamic,20,80,15,81194.987500
prio_dynamic,20,80,16,91826.912500
prio_dynamic,20,80,17,105307.850000
prio_dynamic,20,80,18,121900.450000
prio_dynamic,20,80,19,112459.987500
prio_dynamic,20,80,20,97031.987500
prio_dynamic,20,80,21,89333.350000
prio_dynamic,20,80,22,99728.650000
prio_dynamic,20,80,23,94941.962500
prio_dynamic,20,80,24,86998.937500
prio_dynamic,20,80,25,94208.012500
prio_dynamic,20,80,26,85273.012500
prio_dynamic,20,80,27,90235.812500
prio_dynamic,20,80,28,109340.187500
prio_dynamic,20,80,29,79210.487500
prio_dynamic,20,80,30,93156.650000
prio_dynamic,20,90,1,105876.788889
prio_dynamic,20,90,2,111828.766667
prio_dynamic,20,90,3,113266.911111
prio_dynamic,20,90,4,98290.766667
prio_dynamic,20,90,5,102108.411111
prio_dynamic,20,90,6,105083.488889
prio_dynamic,20,90,7,116617.300000
prio_dynamic,20,90,8,91245.688889
prio_dynamic,20,90,9,113351.588889
prio_dynamic,20,90,10,78397.900000
prio_dynamic,20,90,11,112604.711111
prio_dynamic,20,90,12,80982.922222
prio_dynamic,20,90,13,108075.055556
prio_dynamic,20,90,14,92277.011111
prio_dynamic,20,90,15,115290.000000
prio_dynamic,20,90,16,98625.166667
prio_dynamic,20,90,17,117890.822222
prio_dynamic,20,90,18,93447.622222
prio_dynamic,20,90,19,99849.500000
prio_dynamic,20,90,20,122533.511111
prio_dynamic,20,90,21,107671.300000
prio_dynamic,20,90,22,117935.055556
prio_dynamic,20,90,23,83013.722222
prio_dynamic,20,90,24,116434.311111
prio_dynamic,20,90,25,124393.533333
prio_dynamic,20,90,26,113601.922222
prio_dynamic,20,90,27,115129.455556
prio_dynamic,20,90,28,111486.955556
prio_dynamic,20,90,29,125290.944444
prio_dynamic,20,90,30,113721.411111
prio_dynamic,20,100,1,131294.030000
prio_dynamic,20,100,2,110920.430000
prio_dynamic,20,100,3,116290.540000
prio_dynamic,20,100,4,100918.070000
prio_dynamic,20,100,5,111321.730000
prio_dynamic,20,100,6,112216.300000
prio_dynamic,20,100,7,106606.850000
prio_dynamic,20,100,8,124917.930000
prio_dynamic,20,100,9,119642.070000
prio_dynamic,20,100,10,122272.760000
prio_dynamic,20,100,11,140972.580000
prio_dynamic,20,100,12,139577.820000
prio_dynamic,20,100,13,133081.110000
prio_dynamic,20,100,14,154769.650000
prio_dynamic,20,100,15,130682.110000
prio_dynamic,20,100,16,135738.770000
prio_dynamic,20,100,17,129853.320000
prio_dynamic,20,100,18,126443.580000
prio_dynamic,20,100,19,129141.310000
prio_dynamic,20,100,20,120370.330000
prio_dynamic,20,100,21,107835.690000
prio_dynamic,20,100,22,141568.490000
prio_dynamic,20,100,23,110170.600000
prio_dynamic,20,100,24,121955.440000
prio_dynamic,20,100,25,130879.310000
prio_dynamic,20,100,26,114036.510000
prio_dynamic,20,100,27,112401.670000
prio_dynamic,20,100,28,127561.050000
prio_dynamic,20,100,29,119550.100000
prio_dynamic,20,100,30,120764.200000
prio_dynamic,30,10,1,6712.300000
prio_dynamic,30,10,2,8450.200000
prio_dynamic,30,10,3,6895.900000
prio_dynamic,30,10,4,11178.600000
prio_dynamic,30,10,5,6082.200000
prio_dynamic,30,10,6,8619.300000
prio_dynamic,30,10,7,10018.400000
prio_dynamic,30,10,8,8151.900000
prio_dynamic,30,10,9,7786.000000
prio_dynamic,30,10,10,3882.000000
prio_dynamic,30,10,11,10532.500000
prio_dynamic,30,10,12,12607.100000
prio_dynamic,30,10,13,6558.600000
prio_dynamic,30,10,14,8795.700000
prio_dynamic,30,10,15,8436.000000
prio_dynamic,30,10,16,12676.000000
prio_dynamic,30,10,17,7936.400000
prio_dynamic,30,10,18,13885.200000
prio_dynamic,30,10,19,5591.900000
prio_dynamic,30,10,20,9483.900000
prio_dynamic,30,10,21,8026.100000
prio_dynamic,30,10,22,7790.900000
prio_dynamic,30,10,23,5357.700000
prio_dynamic,30,10,24,7944.700000
prio_dynamic,30,10,25,7318.300000
prio_dynamic,30,10,26,3612.800000
prio_dynamic,30,10,27,9747.800000
prio_dynamic,30,10,28,8687.100000
prio_dynamic,30,10,29,11283.800000
prio_dynamic,30,10,30,9361.100000
prio_dynamic,30,20,1,22134.950000
prio_dynamic,30,20,2,13627.350000
prio_dynamic,30,20,3,17276.200000
prio_dynamic,30,20,4,13603.800000
prio_dynamic,30,20,5,14157.250000
prio_dynamic,30,20,6,23597.150000
prio_dynamic,30,20,7,15928.900000
prio_dynamic,30,20,8,13587.700000
prio_dynamic,30,20,9,14389.700000
prio_dynamic,30,20,10,18749.350000
prio_dynamic,30,20,11,10532.650000
prio_dynamic,30,20,12,14863.900000
prio_dynamic,30,20,13,18229.950000
prio_dynamic,30,20,14,13546.400000
prio_dynamic,30,20,15,16209.900000
prio_dynamic,30,20,16,11529.300000
prio_dynamic,30,20,17,15344.200000
prio_dynamic,30,20,18,21718.700000
prio_dynamic,30,20,19,16086.300000
prio_dynamic,30,20,20,17899.350000
prio_dynamic,30,20,21,13470.250000
prio_dynamic,30,20,22,17693.850000
prio_dynamic,30,20,23,16825.800000
prio_dynamic,30,20,24,17619.300000
prio_dynamic,30,20,25,17396.150000
prio_dynamic,30,20,26,19455.200000
prio_dynamic,30,20,27,19345.750000
prio_dynamic,30,20,28,15382.950000
prio_dynamic,30,20,29,14806.500000
prio_dynamic,30,20,30,10250.850000
prio_dynamic,30,30,1,26941.500000
prio_dynamic,30,30,2,26352.700000
prio_dynamic,30,30,3,31038.466667
prio_dynamic,30,30,4,22779.466667
prio_dynamic,30,30,5,21542.900000
prio_dynamic,30,30,6,25307.066667
prio_dynamic,30,30,7,20870.566667
prio_dynamic,30,30,8,24616.733333
prio_dynamic,30,30,9,28540.566667
prio_dynamic,30,30,10,19982.266667
prio_dynamic,30,30,11,28095.200000
prio_dynamic,30,30,12,27887.900000
prio_dynamic,30,30,13,24458.533333
prio_dynamic,30,30,14,26478.766667
prio_dynamic,30,30,15,26328.766667
prio_dynamic,30,30,16,29995.033333
prio_dynamic,30,30,17,28689.066667
prio_dynamic,30,30,18,23544.000000
prio_dynamic,30,30,19,20021.100000
prio_dynamic,30,30,20,33341.233333
prio_dynamic,30,30,21,28501.233333
prio_dynamic,30,30,22,23464.733333
prio_dynamic,30,30,23,27291.300000
prio_dynamic,30,30,24,24066.033333
prio_dynamic,30,30,25,25397.800000
prio_dynamic,30,30,26,24399.800000
prio_dynamic,30,30,27,18638.066667
prio_dynamic,30,30,28,17314.066667
prio_dynamic,30,30,29,27020.133333
prio_dynamic,30,30,30,28369.233333
prio_dynamic,30,40,1,43424.725000
prio_dynamic,30,40,2,29982.850000
prio_dynamic,30,40,3,41118.025000
prio_dynamic,30,40,4,53890.500000
prio_dynamic,30,40,5,28634.800000
prio_dynamic,30,40,6,41262.700000
prio_dynamic,30,40,7,32384.475000
prio_dynamic,30,40,8,44144.325000
prio_dynamic,30,40,9,21927.775000
prio_dynamic,30,40,10,38984.825000
prio_dynamic,30,40,11,30159.125000
prio_dynamic,30,40,12,46733.725000
prio_dynamic,30,40,13,27566.625000
prio_dynamic,30,40,14,30244.050000
prio_dynamic,30,40,15,24248.125000
prio_dynamic,30,40,16,27290.125000
prio_dynamic,30,40,17,44408.900000
prio_dynamic,30,40,18,29588.575000
prio_dynamic,30,40,19,28547.825000
prio_dynamic,30,40,20,40082.550000
prio_dynamic,30,40,21,34117.650000
prio_dynamic,30,40,22,33436.000000
prio_dynamic,30,40,23,27188.425000
prio_dynamic,30,40,24,29542.425000
prio_dynamic,30,40,25,38982.325000
prio_dynamic,30,40,26,29609.250000
prio_dynamic,30,40,27,40327.800000
prio_dynamic,30,40,28,30116.100000
prio_dynamic,30,40,29,30171.650000
prio_dynamic,30,40,30,30814.750000
prio_dynamic,30,50,1,34365.540000
prio_dynamic,30,50,2,45948.600000
prio_dynamic,30,50,3,42704.680000
prio_dynamic,30,50,4,26489.100000
prio_dynamic,30,50,5,31762.340000
prio_dynamic,30,50,6,34331.500000
prio_dynamic,30,50,7,34944.180000
prio_dynamic,30,50,8,38873.420000
prio_dynamic,30,50,9,35977.580000
prio_dynamic,30,50,10,55082.740000
prio_dynamic,30,50,11,32998.020000
prio_dynamic,30,50,12,41667.160000
prio_dynamic,30,50,13,58313.080000
prio_dynamic,30,50,14,32565.260000
prio_dynamic,30,50,15,37386.300000
prio_dynamic,30,50,16,37898.980000
prio_dynamic,30,50,17,40022.840000
prio_dynamic,30,50,18,30235.880000
prio_dynamic,30,50,19,35405.360000
prio_dynamic,30,50,20,38138.220000
prio_dynamic,30,50,21,43911.080000
prio_dynamic,30,50,22,41743.300000
prio_dynamic,30,50,23,34342.180000
prio_dynamic,30,50,24,34668.580000
prio_dynamic,30,50,25,35648.360000
prio_dynamic,30,50,26,45590.240000
prio_dynamic,30,50,27,41590.580000
prio_dynamic,30,50,28,45827.300000
prio_dynamic,30,50,29,44796.980000
prio_dynamic,30,50,30,37583.460000
prio_dynamic,30,60,1,52040.000000
prio_dynamic,30,60,2,63499.550000
prio_dynamic,30,60,3,54614.833333
prio_dynamic,30,60,4,40488.450000
prio_dynamic,30,60,5,64392.816667
prio_dynamic,30,60,6,48605.383333
prio_dynamic,30,60,7,64175.500000
prio_dynamic,30,60,8,51891.750000
prio_dynamic,30,60,9,40142.883333
prio_dynamic,30,60,10,49372.300000
prio_dynamic,30,60,11,49983.583333
prio_dynamic,30,60,12,50354.516667
prio_dynamic,30,60,13,57052.966667
prio_dynamic,30,60,14,50512.600000
prio_dynamic,30,60,15,56339.333333
prio_dynamic,30,60,16,68549.600000
prio_dynamic,30,60,17,48661.783333
prio_dynamic,30,60,18,63500.800000
prio_dynamic,30,60,19,67375.050000
prio_dynamic,30,60,20,55312.300000
prio_dynamic,30,60,21,49816.033333
prio_dynamic,30,60,22,48945.150000
prio_dynamic,30,60,23,55078.000000
prio_dynamic,30,60,24,36651.750000
prio_dynamic,30,60,25,61726.233333
prio_dynamic,30,60,26,55420.333333
prio_dynamic,30,60,27,51987.650000
prio_dynamic,30,60,28,61520.333333
prio_dynamic,30,60,29,44179.650000
prio_dynamic,30,60,30,56522.650000
prio_dynamic,30,70,1,50262.028571
prio_dynamic,30,70,2,57954.871429
prio_dynamic,30,70,3,59755.800000
prio_dynamic,30,70,4,47217.257143
prio_dynamic,30,70,5,76409.742857
prio_dynamic,30,70,6,71493.571429
prio_dynamic,30,70,7,61025.200000
prio_dynamic,30,70,8,43374.357143
prio_dynamic,30,70,9,51599.942857
prio_dynamic,30,70,10,51782.142857
prio_dynamic,30,70,11,54996.685714
prio_dynamic,30,70,12,75096.685714
prio_dynamic,30,70,13,64951.628571
prio_dynamic,30,70,14,47880.271429
prio_dynamic,30,70,15,47600.814286
prio_dynamic,30,70,16,57049.000000
prio_dynamic,30,70,17,52059.985714
prio_dynamic,30,70,18,56134.442857
prio_dynamic,30,70,19,67114.485714
prio_dynamic,30,70,20,55746.885714
prio_dynamic,30,70,21,59524.171429
prio_dynamic,30,70,22,49721.985714
prio_dynamic,30,70,23,56108.657143
prio_dynamic,30,70,24,53335.571429
prio_dynamic,30,70,25,66919.700000
prio_dynamic,30,70,26,59173.528571
prio_dynamic,30,70,27,60137.771429
prio_dynamic,30,70,28,54338.071429
prio_dynamic,30,70,29,63785.428571
prio_dynamic,30,70,30,56030.528571
prio_dynamic,30,80,1,73673.962500
prio_dynamic,30,80,2,78930.212500
prio_dynamic,30,80,3,62476.387500
prio_dynamic,30,80,4,82311.862500
prio_dynamic,30,80,5,66041.800000
prio_dynamic,30,80,6,63871.600000
prio_dynamic,30,80,7,88184.275000
prio_dynamic,30,80,8,58224.462500
prio_dynamic,30,80,9,83794.987500
prio_dynamic,30,80,10,69040.937500
prio_dynamic,30,80,11,84573.787500
prio_dynamic,30,80,12,64143.375000
prio_dynamic,30,80,13,73660.512500
prio_dynamic,30,80,14,59705.550000
prio_dynamic,30,80,15,63306.062500
prio_dynamic,30,80,16,72943.500000
prio_dynamic,30,80,17,73159.900000
prio_dynamic,30,80,18,57132.375000
prio_dynamic,30,80,19,60023.450000
prio_dynamic,30,80,20,69081.875000
prio_dynamic,30,80,21,69416.337500
prio_dynamic,30,80,22,61265.425000
prio_dynamic,30,80,23,67528.700000
prio_dynamic,30,80,24,67995.800000
prio_dynamic,30,80,25,72052.162500
prio_dynamic,30,80,26,72483.612500
prio_dynamic,30,80,27,79930.162500
prio_dynamic,30,80,28,65320.887500
prio_dynamic,30,80,29,76691.887500
prio_dynamic,30,80,30,75265.000000
prio_dynamic,30,90,1,69233.711111
prio_dynamic,30,90,2,84192.788889
prio_dynamic,30,90,3,81690.011111
prio_dynamic,30,90,4,78680.633333
prio_dynamic,30,90,5,77994.433333
prio_dynamic,30,90,6,69175.722222
prio_dynamic,30,90,7,76927.388889
prio_dynamic,30,90,8,73021.355556
prio_dynamic,30,90,9,82021.077778
prio_dynamic,30,90,10,99094.744444
prio_dynamic,30,90,11,84190.433333
prio_dynamic,30,90,12,85295.544444
prio_dynamic,30,90,13,84992.044444
prio_dynamic,30,90,14,61766.300000
prio_dynamic,30,90,15,67897.955556
prio_dynamic,30,90,16,83102.755556
prio_dynamic,30,90,17,64603.988889
prio_dynamic,30,90,18,76762.377778
prio_dynamic,30,90,19,72955.866667
prio_dynamic,30,90,20,78897.366667
prio_dynamic,30,90,21,79835.566667
prio_dynamic,30,90,22,76545.155556
prio_dynamic,30,90,23,74350.044444
prio_dynamic,30,90,24,68186.477778
prio_dynamic,30,90,25,59589.044444
prio_dynamic,30,90,26,52799.177778
prio_dynamic,30,90,27,81493.622222
prio_dynamic,30,90,28,76954.411111
prio_dynamic,30,90,29,75273.766667
prio_dynamic,30,90,30,81558.677778
prio_dynamic,30,100,1,97171.410000
prio_dynamic,30,100,2,89141.250000
prio_dynamic,30,100,3,87098.770000
prio_dynamic,30,100,4,78090.950000
prio_dynamic,30,100,5,84223.320000
prio_dynamic,30,100,6,80835.110000
prio_dynamic,30,100,7,80370.960000
prio_dynamic,30,100,8,70823.840000
prio_dynamic,30,100,9,74443.630000
prio_dynamic,30,100,10,91410.600000
prio_dynamic,30,100,11,79690.490000
prio_dynamic,30,100,12,106620.100000
prio_dynamic,30,100,13,71694.320000
prio_dynamic,30,100,14,95382.580000
prio_dynamic,30,100,15,81192.350000
prio_dynamic,30,100,16,61711.660000
prio_dynamic,30,100,17,87085.910000
prio_dynamic,30,100,18,84367.060000
prio_dynamic,30,100,19,107702.680000
prio_dynamic,30,100,20,86939.680000
prio_dynamic,30,100,21,79535.880000
prio_dynamic,30,100,22,83240.400000
prio_dynamic,30,100,23,89706.970000
prio_dynamic,30,100,24,93303.640000
prio_dynamic,30,100,25,92920.610000
prio_dynamic,30,100,26,85139.760000
prio_dynamic,30,100,27,76745.090000
prio_dynamic,30,100,28,87823.680000
prio_dynamic,30,100,29,78877.070000
prio_dynamic,30,100,30,73816.690000
prio_dynamic_quantum,10,10,1,17529.700000
prio_dynamic_quantum,10,10,2,22907.500000
prio_dynamic_quantum,10,10,3,15518.000000
prio_dynamic_quantum,10,10,4,30944.200000
prio_dynamic_quantum,10,10,5,17124.700000
prio_dynamic_quantum,10,10,6,20241.300000
prio_dynamic_quantum,10,10,7,20533.900000
prio_dynamic_quantum,10,10,8,17629.400000
prio_dynamic_quantum,10,10,9,21868.100000
prio_dynamic_quantum,10,10,10,19200.900000
prio_dynamic_quantum,10,10,11,20370.000000
prio_dynamic_quantum,10,10,12,16600.500000
prio_dynamic_quantum,10,10,13,7486.700000
prio_dynamic_quantum,10,10,14,28477.700000
prio_dynamic_quantum,10,10,15,31563.000000
prio_dynamic_quantum,10,10,16,23223.600000
prio_dynamic_quantum,10,10,17,9757.600000
prio_dynamic_quantum,10,10,18,25814.100000
prio_dynamic_quantum,10,10,19,11205.300000
prio_dynamic_quantum,10,10,20,25702.200000
prio_dynamic_quantum,10,10,21,22779.600000
prio_dynamic_quantum,10,10,22,19953.200000
prio_dynamic_quantum,10,10,23,34480.800000
prio_dynamic_quantum,10,10,24,17712.300000
prio_dynamic_quantum,10,10,25,15799.100000
prio_dynamic_quantum,10,10,26,23710.100000
prio_dynamic_quantum,10,10,27,14911.600000
prio_dynamic_quantum,10,10,28,25491.900000
prio_dynamic_quantum,10,10,29,24554.800000
prio_dynamic_quantum,10,10,30,20226.100000
prio_dynamic_quantum,10,20,1,37918.150000
prio_dynamic_quantum,10,20,2,31440.650000
prio_dynamic_quantum,10,20,3,32263.900000
prio_dynamic_quantum,10,20,4,32259.450000
prio_dynamic_quantum,10,20,5,66164.350000
prio_dynamic_quantum,10,20,6,36076.900000
prio_dynamic_quantum,10,20,7,35276.850000
prio_dynamic_quantum,10,20,8,44622.950000
prio_dynamic_quantum,10,20,9,49549.100000
prio_dynamic_quantum,10,20,10,38760.450000
prio_dynamic_quantum,10,20,11,41938.200000
prio_dynamic_quantum,10,20,12,36073.600000
prio_dynamic_quantum,10,20,13,47253.300000
prio_dynamic_quantum,10,20,14,40317.350000
prio_dynamic_quantum,10,20,15,39030.500000
prio_dynamic_quantum,10,20,16,39311.050000
prio_dynamic_quantum,10,20,17,37841.250000
prio_dynamic_quantum,10,20,18,34249.400000
prio_dynamic_quantum,10,20,19,30316.000000
prio_dynamic_quantum,10,20,20,42157.550000
prio_dynamic_quantum,10,20,21,30496.150000
prio_dynamic_quantum,10,20,22,36436.900000
prio_dynamic_quantum,10,20,23,30532.450000
prio_dynamic_quantum,10,20,24,41409.250000
prio_dynamic_quantum,10,20,25,43261.650000
prio_dynamic_quantum,10,20,26,44106.550000
prio_dynamic_quantum,10,20,27,43570.250000
prio_dynamic_quantum,10,20,28,38146.150000
prio_dynamic_quantum,10,20,29,48829.450000
prio_dynamic_quantum,10,20,30,37539.300000
prio_dynamic_quantum,10,30,1,65914.733333
prio_dynamic_quantum,10,30,2,38302.233333
prio_dynamic_quantum,10,30,3,52800.066667
prio_dynamic_quantum,10,30,4,65000.966667
prio_dynamic_quantum,10,30,5,56290.566667
prio_dynamic_quantum,10,30,6,75788.100000
prio_dynamic_quantum,10,30,7,64061.266667
prio_dynamic_quantum,10,30,8,69116.333333
prio_dynamic_quantum,10,30,9,83802.433333
prio_dynamic_quantum,10,30,10,55790.500000
prio_dynamic_quantum,10,30,11,73850.166667
prio_dynamic_quantum,10,30,12,65052.766667
prio_dynamic_quantum,10,30,13,50527.966667
prio_dynamic_quantum,10,30,14,51067.866667
prio_dynamic_quantum,10,30,15,59593.200000
prio_dynamic_quantum,10,30,16,60448.666667
prio_dynamic_quantum,10,30,17,59659.133333
prio_dynamic_quantum,10,30,18,71645.033333
prio_dynamic_quantum,10,30,19,69851.633333
prio_dynamic_quantum,10,30,20,79410.033333
prio_dynamic_quantum,10,30,21,58122.933333
prio_dynamic_quantum,10,30,22,65812.566667
prio_dynamic_quantum,10,30,23,60366.733333
prio_dynamic_quantum,10,30,24,52612.133333
prio_dynamic_quantum,10,30,25,65530.800000
prio_dynamic_quantum,10,30,26,60280.333333
prio_dynamic_quantum,10,30,27,66555.433333
prio_dynamic_quantum,10,30,28,74076.766667
prio_dynamic_quantum,10,30,29,62422.900000
prio_dynamic_quantum,10,30,30,63450.633333
prio_dynamic_quantum,10,40,1,85244.550000
prio_dynamic_quantum,10,40,2,88949.025000
prio_dynamic_quantum,10,40,3,74651.675000
prio_dynamic_quantum,10,40,4,85751.925000
prio_dynamic_quantum,10,40,5,83792.850000
prio_dynamic_quantum,10,40,6,78056.950000
prio_dynamic_quantum,10,40,7,74606.350000
prio_dynamic_quantum,10,40,8,94912.725000
prio_dynamic_quantum,10,40,9,89590.100000
prio_dynamic_quantum,10,40,10,80572.575000
prio_dynamic_quantum,10,40,11,63624.375000
prio_dynamic_quantum,10,40,12,80651.900000
prio_dynamic_quantum,10,40,13,69323.975000
prio_dynamic_quantum,10,40,14,80203.075000
prio_dynamic_quantum,10,40,15,78048.575000
prio_dynamic_quantum,10,40,16,90821.275000
prio_dynamic_quantum,10,40,17,87065.525000
prio_dynamic_quantum,10,40,18,65826.050000
prio_dynamic_quantum,10,40,19,73854.825000
prio_dynamic_quantum,10,40,20,69188.525000
prio_dynamic_quantum,10,40,21,70090.050000
prio_dynamic_quantum,10,40,22,78350.600000
prio_dynamic_quantum,10,40,23,75880.825000
prio_dynamic_quantum,10,40,24,75702.850000
prio_dynamic_quantum,10,40,25,74445.025000
prio_dynamic_quantum,10,40,26,67977.600000
prio_dynamic_quantum,10,40,27,86806.375000
prio_dynamic_quantum,10,40,28,88007.500000
prio_dynamic_quantum,10,40,29,85341.625000
prio_dynamic_quantum,10,40,30,79229.975000
prio_dynamic_quantum,10,50,1,106209.460000
prio_dynamic_quantum,10,50,2,106952.540000
prio_dynamic_quantum,10,50,3,105873.440000
prio_dynamic_quantum,10,50,4,94371.980000
prio_dynamic_quantum,10,50,5,98391.940000
prio_dynamic_quantum,10,50,6,96255.780000
prio_dynamic_quantum,10,50,7,85202.140000
prio_dynamic_quantum,10,50,8,108482.580000
prio_dynamic_quantum,10,50,9,120251.500000
prio_dynamic_quantum,10,50,10,87424.940000
prio_dynamic_quantum,10,50,11,99900.560000
prio_dynamic_quantum,10,50,12,100805.840000
prio_dynamic_quantum,10,50,13,78726.160000
prio_dynamic_quantum,10,50,14,89791.060000
prio_dynamic_quantum,10,50,15,112100.320000
prio_dynamic_quantum,10,50,16,91792.140000
prio_dynamic_quantum,10,50,17,85077.660000
prio_dynamic_quantum,10,50,18,114402.740000
prio_dynamic_quantum,10,50,19,103537.180000
prio_dynamic_quantum,10,50,20,108467.900000
prio_dynamic_quantum,10,50,21,95949.000000
prio_dynamic_quantum,10,50,22,90764.440000
prio_dynamic_quantum,10,50,23,96545.600000
prio_dynamic_quantum,10,50,24,98759.620000
prio_dynamic_quantum,10,50,25,85367.820000
prio_dynamic_quantum,10,50,26,114719.480000
prio_dynamic_quantum,10,50,27,102544.040000
prio_dynamic_quantum,10,50,28,104546.200000
prio_dynamic_quantum,10,50,29,102175.480000
prio_dynamic_quantum,10,50,30,114901.220000
prio_dynamic_quantum,10,60,1,135915.016667
prio_dynamic_quantum,10,60,2,169847.633333
prio_dynamic_quantum,10,60,3,115936.050000
prio_dynamic_quantum,10,60,4,132729.733333
prio_dynamic_quantum,10,60,5,100761.900000
prio_dynamic_quantum,10,60,6,113189.316667
prio_dynamic_quantum,10,60,7,151173.833333
prio_dynamic_quantum,10,60,8,130014.616667
prio_dynamic_quantum,10,60,9,97232.133333
prio_dynamic_quantum,10,60,10,137912.683333
prio_dynamic_quantum,10,60,11,132634.716667
prio_dynamic_quantum,10,60,12,117928.966667
prio_dynamic_quantum,10,60,13,126022.016667
prio_dynamic_quantum,10,60,14,122873.033333
prio_dynamic_quantum,10,60,15,104975.450000
prio_dynamic_quantum,10,60,16,135309.766667
prio_dynamic_quantum,10,60,17,140379.166667
prio_dynamic_quantum,10,60,18,113398.500000
prio_dynamic_quantum,10,60,19,105627.183333
prio_dynamic_quantum,10,60,20,113090.266667
prio_dynamic_quantum,10,60,21,113832.433333
prio_dynamic_quantum,10,60,22,120110.966667
prio_dynamic_quantum,10,60,23,118994.216667
prio_dynamic_quantum,10,60,24,123911.766667
prio_dynamic_quantum,10,60,25,108925.866667
prio_dynamic_quantum,10,60,26,121218.116667
prio_dynamic_quantum,10,60,27,121886.316667
prio_dynamic_quantum,10,60,28,119922.266667
prio_dynamic_quantum,10,60,29,127597.683333
prio_dynamic_quantum,10,60,30,171880.266667
prio_dynamic_quantum,10,70,1,136915.785714
prio_dynamic_quantum,10,70,2,134806.585714
prio_dynamic_quantum,10,70,3,148542.214286
prio_dynamic_quantum,10,70,4,137451.228571
prio_dynamic_quantum,10,70,5,126294.214286
prio_dynamic_quantum,10,70,6,127515.900000
prio_dynamic_quantum,10,70,7,151283.657143
prio_dynamic_quantum,10,70,8,143827.014286
prio_dynamic_quantum,10,70,9,147178.742857
prio_dynamic_quantum,10,70,10,129315.671429
prio_dynamic_quantum,10,70,11,125113.514286
prio_dynamic_quantum,10,70,12,158479.885714
prio_dynamic_quantum,10,70,13,147004.700000
prio_dynamic_quantum,10,70,14,162810.928571
prio_dynamic_quantum,10,70,15,114301.200000
prio_dynamic_quantum,10,70,16,153550.300000
prio_dynamic_quantum,10,70,17,141981.385714
prio_dynamic_quantum,10,70,18,186908.728571
prio_dynamic_quantum,10,70,19,131947.157143
prio_dynamic_quantum,10,70,20,140888.428571
prio_dynamic_quantum,10,70,21,158513.628571
prio_dynamic_quantum,10,70,22,120285.428571
prio_dynamic_quantum,10,70,23,114399.657143
prio_dynamic_quantum,10,70,24,167401.400000
prio_dynamic_quantum,10,70,25,145813.900000
prio_dynamic_quantum,10,70,26,126439.628571
prio_dynamic_quantum,10,70,27,113691.314286
prio_dynamic_quantum,10,70,28,118182.685714
prio_dynamic_quantum,10,70,29,143437.871429
prio_dynamic_quantum,10,70,30,140480.485714
prio_dynamic_quantum,10,80,1,154264.237500
prio_dynamic_quantum,10,80,2,130210.162500
prio_dynamic_quantum,10,80,3,156057.375000
prio_dynamic_quantum,10,80,4,181245.575000
prio_dynamic_quantum,10,80,5,186051.975000
prio_dynamic_quantum,10,80,6,169883.137500
prio_dynamic_quantum,10,80,7,152210.500000
prio_dynamic_quantum,10,80,8,164995.862500
prio_dynamic_quantum,10,80,9,195225.225000
prio_dynamic_quantum,10,80,10,138963.962500
prio_dynamic_quantum,10,80,11,167883.000000
prio_dynamic_quantum,10,80,12,170841.162500
prio_dynamic_quantum,10,80,13,142946.650000
prio_dynamic_quantum,10,80,14,177450.662500
prio_dynamic_quantum,10,80,15,153643.037500
prio_dynamic_quantum,10,80,16,142598.350000
prio_dynamic_quantum,10,80,17,165278.450000
prio_dynamic_quantum,10,80,18,151704.412500
prio_dynamic_quantum,10,80,19,148733.325000
prio_dynamic_quantum,10,80,20,160768.212500
prio_dynamic_quantum,10,80,21,154163.300000
prio_dynamic_quantum,10,80,22,152818.175000
prio_dynamic_quantum,10,80,23,156544.337500
prio_dynamic_quantum,10,80,24,151476.687500
prio_dynamic_quantum,10,80,25,181588.050000
prio_dynamic_quantum,10,80,26,135372.025000
prio_dynamic_quantum,10,80,27,161937.987500
prio_dynamic_quantum,10,80,28,147838.587500
prio_dynamic_quantum,10,80,29,152238.012500
prio_dynamic_quantum,10,80,30,150810.950000
prio_dynamic_quantum,10,90,1,186481.566667
prio_dynamic_quantum,10,90,2,199919.388889
prio_dynamic_quantum,10,90,3,189136.511111
prio_dynamic_quantum,10,90,4,174648.255556
prio_dynamic_quantum,10,90,5,181385.188889
prio_dynamic_quantum,10,90,6,180871.355556
prio_dynamic_quantum,10,90,7,201437.566667
prio_dynamic_quantum,10,90,8,199966.900000
prio_dynamic_quantum,10,90,9,163134.633333
prio_dynamic_quantum,10,90,10,190885.877778
prio_dynamic_quantum,10,90,11,169100.122222
prio_dynamic_quantum,10,90,12,183996.877778
prio_dynamic_quantum,10,90,13,220157.877778
prio_dynamic_quantum,10,90,14,208656.966667
prio_dynamic_quantum,10,90,15,169961.777778
prio_dynamic_quantum,10,90,16,157021.433333
prio_dynamic_quantum,10,90,17,188442.022222
prio_dynamic_quantum,10,90,18,156331.244444
prio_dynamic_quantum,10,90,19,190149.055556
prio_dynamic_quantum,10,90,20,195772.588889
prio_dynamic_quantum,10,90,21,189942.955556
prio_dynamic_quantum,10,90,22,170705.522222
prio_dynamic_quantum,10,90,23,203673.733333
prio_dynamic_quantum,10,90,24,183363.744444
prio_dynamic_quantum,10,90,25,182903.344444
prio_dynamic_quantum,10,90,26,188771.100000
prio_dynamic_quantum,10,90,27,170186.744444
prio_dynamic_quantum,10,90,28,214721.488889
prio_dynamic_quantum,10,90,29,191193.144444
prio_dynamic_quantum,10,90,30,165043.133333
prio_dynamic_quantum,10,100,1,192113.390000
prio_dynamic_quantum,10,100,2,174530.930000
prio_dynamic_quantum,10,100,3,220984.060000
prio_dynamic_quantum,10,100,4,156983.520000
prio_dynamic_quantum,10,100,5,214037.340000
prio_dynamic_quantum,10,100,6,215167.260000
prio_dynamic_quantum,10,100,7,173396.120000
prio_dynamic_quantum,10,100,8,203246.860000
prio_dynamic_quantum,10,100,9,208868.580000
prio_dynamic_quantum,10,100,10,209517.330000
prio_dynamic_quantum,10,100,11,193067.410000
prio_dynamic_quantum,10,100,12,190624.880000
prio_dynamic_quantum,10,100,13,148747.780000
prio_dynamic_quantum,10,100,14,233195.010000
prio_dynamic_quantum,10,100,15,209995.100000
prio_dynamic_quantum,10,100,16,180315.580000
prio_dynamic_quantum,10,100,17,196447.590000
prio_dynamic_quantum,10,100,18,214889.790000
prio_dynamic_quantum,10,100,19,204416.350000
prio_dynamic_quantum,10,100,20,207835.190000
prio_dynamic_quantum,10,100,21,193846.210000
prio_dynamic_quantum,10,100,22,226691.550000
prio_dynamic_quantum,10,100,23,185930.220000
prio_dynamic_quantum,10,100,24,167300.090000
prio_dynamic_quantum,10,100,25,227327.190000
prio_dynamic_quantum,10,100,26,200855.150000
prio_dynamic_quantum,10,100,27,211356.810000
prio_dynamic_quantum,10,100,28,215619.740000
prio_dynamic_quantum,10,100,29,222383.810000
prio_dynamic_quantum,10,100,30,216713.430000
prio_dynamic_quantum,20,10,1,13325.800000
prio_dynamic_quantum,20,10,2,11125.500000
prio_dynamic_quantum,20,10,3,14032.100000
prio_dynamic_quantum,20,10,4,12337.200000
prio_dynamic_quantum,20,10,5,6084.900000
prio_dynamic_quantum,20,10,6,5547.100000
prio_dynamic_quantum,20,10,7,7079.000000
prio_dynamic_quantum,20,10,8,16670.100000
prio_dynamic_quantum,20,10,9,12647.200000
prio_dynamic_quantum,20,10,10,9493.600000
prio_dynamic_quantum,20,10,11,11082.500000
prio_dynamic_quantum,20,10,12,9920.400000
prio_dynamic_quantum,20,10,13,7802.700000
prio_dynamic_quantum,20,10,14,13319.600000
prio_dynamic_quantum,20,10,15,11813.400000
prio_dynamic_quantum,20,10,16,9397.700000
prio_dynamic_quantum,20,10,17,9232.800000
prio_dynamic_quantum,20,10,18,9867.900000
prio_dynamic_quantum,20,10,19,14146.300000
prio_dynamic_quantum,20,10,20,13061.000000
prio_dynamic_quantum,20,10,21,13184.100000
prio_dynamic_quantum,20,10,22,11244.500000
prio_dynamic_quantum,20,10,23,11782.800000
prio_dynamic_quantum,20,10,24,15507.400000
prio_dynamic_quantum,20,10,25,5817.900000
prio_dynamic_quantum,20,10,26,8698.700000
prio_dynamic_quantum,20,10,27,10412.500000
prio_dynamic_quantum,20,10,28,13694.800000
prio_dynamic_quantum,20,10,29,8830.200000
prio_dynamic_quantum,20,10,30,13566.300000
prio_dynamic_quantum,20,20,1,20341.250000
prio_dynamic_quantum,20,20,2,25512.400000
prio_dynamic_quantum,20,20,3,23344.500000
prio_dynamic_quantum,20,20,4,12768.000000
prio_dynamic_quantum,20,20,5,21702.250000
prio_dynamic_quantum,20,20,6,18798.550000
prio_dynamic_quantum,20,20,7,21175.400000
prio_dynamic_quantum,20,20,8,21828.050000
prio_dynamic_quantum,20,20,9,25409.950000
prio_dynamic_quantum,20,20,10,20920.350000
prio_dynamic_quantum,20,20,11,16301.800000
prio_dynamic_quantum,20,20,12,13890.550000
prio_dynamic_quantum,20,20,13,25563.000000
prio_dynamic_quantum,20,20,14,15794.200000
prio_dynamic_quantum,20,20,15,21577.550000
prio_dynamic_quantum,20,20,16,20662.100000
prio_dynamic_quantum,20,20,17,22730.500000
prio_dynamic_quantum,20,20,18,16800.350000
prio_dynamic_quantum,20,20,19,20039.400000
prio_dynamic_quantum,20,20,20,25821.250000
prio_dynamic_quantum,20,20,21,17019.600000
prio_dynamic_quantum,20,20,22,25679.450000
prio_dynamic_quantum,20,20,23,15611.000000
prio_dynamic_quantum,20,20,24,19275.950000
prio_dynamic_quantum,20,20,25,20257.200000
prio_dynamic_quantum,20,20,26,68983.050000
prio_dynamic_quantum,20,20,27,23911.900000
prio_dynamic_quantum,20,20,28,18892.950000
prio_dynamic_quantum,20,20,29,27524.050000
prio_dynamic_quantum,20,20,30,28259.000000
prio_dynamic_quantum,20,30,1,27312.700000
prio_dynamic_quantum,20,30,2,36324.366667
prio_dynamic_quantum,20,30,3,26382.800000
prio_dynamic_quantum,20,30,4,26151.533333
prio_dynamic_quantum,20,30,5,29776.066667
prio_dynamic_quantum,20,30,6,35045.733333
prio_dynamic_quantum,20,30,7,36029.500000
prio_dynamic_quantum,20,30,8,31328.033333
prio_dynamic_quantum,20,30,9,22891.133333
prio_dynamic_quantum,20,30,10,29349.666667
prio_dynamic_quantum,20,30,11,33166.666667
prio_dynamic_quantum,20,30,12,33841.133333
prio_dynamic_quantum,20,30,13,32595.700000
prio_dynamic_quantum,20,30,14,39485.133333
prio_dynamic_quantum,20,30,15,40014.466667
prio_dynamic_quantum,20,30,16,35856.766667
prio_dynamic_quantum,20,30,17,39008.633333
prio_dynamic_quantum,20,30,18,27394.266667
prio_dynamic_quantum,20,30,19,25907.366667
prio_dynamic_quantum,20,30,20,38436.800000
prio_dynamic_quantum,20,30,21,34032.533333
prio_dynamic_quantum,20,30,22,35436.666667
prio_dynamic_quantum,20,30,23,40508.800000
prio_dynamic_quantum,20,30,24,25803.900000
prio_dynamic_quantum,20,30,25,48501.866667
prio_dynamic_quantum,20,30,26,44514.100000
prio_dynamic_quantum,20,30,27,35421.866667
prio_dynamic_quantum,20,30,28,23606.266667
prio_dynamic_quantum,20,30,29,28579.133333
prio_dynamic_quantum,20,30,30,21964.600000
prio_dynamic_quantum,20,40,1,46566.775000
prio_dynamic_quantum,20,40,2,49384.700000
prio_dynamic_quantum,20,40,3,44745.725000
prio_dynamic_quantum,20,40,4,54235.925000
prio_dynamic_quantum,20,40,5,54732.350000
prio_dynamic_quantum,20,40,6,44086.325000
prio_dynamic_quantum,20,40,7,38289.150000
prio_dynamic_quantum,20,40,8,35331.825000
prio_dynamic_quantum,20,40,9,43408.450000
prio_dynamic_quantum,20,40,10,46795.475000
prio_dynamic_quantum,20,40,11,40047.550000
prio_dynamic_quantum,20,40,12,40433.150000
prio_dynamic_quantum,20,40,13,42810.850000
prio_dynamic_quantum,20,40,14,41908.575000
prio_dynamic_quantum,20,40,15,30260.525000
prio_dynamic_quantum,20,40,16,47453.425000
prio_dynamic_quantum,20,40,17,52881.175000
prio_dynamic_quantum,20,40,18,44261.325000
prio_dynamic_quantum,20,40,19,33274.700000
prio_dynamic_quantum,20,40,20,51201.275000
prio_dynamic_quantum,20,40,21,58834.075000
prio_dynamic_quantum,20,40,22,43001.450000
prio_dynamic_quantum,20,40,23,37231.775000
prio_dynamic_quantum,20,40,24,37251.325000
prio_dynamic_quantum,20,40,25,46075.600000
prio_dynamic_quantum,20,40,26,55220.650000
prio_dynamic_quantum,20,40,27,37676.300000
prio_dynamic_quantum,20,40,28,53174.450000
prio_dynamic_quantum,20,40,29,32838.425000
prio_dynamic_quantum,20,40,30,55491.900000
prio_dynamic_quantum,20,50,1,54972.940000
prio_dynamic_quantum,20,50,2,63729.680000
prio_dynamic_quantum,20,50,3,60260.540000
prio_dynamic_quantum,20,50,4,52885.680000
prio_dynamic_quantum,20,50,5,48686.160000
prio_dynamic_quantum,20,50,6,67997.060000
prio_dynamic_quantum,20,50,7,62718.380000
prio_dynamic_quantum,20,50,8,52161.660000
prio_dynamic_quantum,20,50,9,52688.860000
prio_dynamic_quantum,20,50,10,66034.860000
prio_dynamic_quantum,20,50,11,55216.320000
prio_dynamic_quantum,20,50,12,63229.880000
prio_dynamic_quantum,20,50,13,59230.300000
prio_dynamic_quantum,20,50,14,61993.300000
prio_dynamic_quantum,20,50,15,60088.640000
prio_dynamic_quantum,20,50,16,70644.480000
prio_dynamic_quantum,20,50,17,54662.880000
prio_dynamic_quantum,20,50,18,59154.820000
prio_dynamic_quantum,20,50,19,52868.680000
prio_dynamic_quantum,20,50,20,52447.080000
prio_dynamic_quantum,20,50,21,53615.720000
prio_dynamic_quantum,20,50,22,39884.140000
prio_dynamic_quantum,20,50,23,55607.260000
prio_dynamic_quantum,20,50,24,56052.500000
prio_dynamic_quantum,20,50,25,65947.880000
prio_dynamic_quantum,20,50,26,64505.460000
prio_dynamic_quantum,20,50,27,45242.920000
prio_dynamic_quantum,20,50,28,63709.480000
prio_dynamic_quantum,20,50,29,51465.620000
prio_dynamic_quantum,20,50,30,65749.400000
prio_dynamic_quantum,20,60,1,64056.566667
prio_dynamic_quantum,20,60,2,68293.083333
prio_dynamic_quantum,20,60,3,77654.066667
prio_dynamic_quantum,20,60,4,88743.500000
prio_dynamic_quantum,20,60,5,59586.350000
prio_dynamic_quantum,20,60,6,66587.700000
prio_dynamic_quantum,20,60,7,65518.350000
prio_dynamic_quantum,20,60,8,59896.316667
prio_dynamic_quantum,20,60,9,65325.766667
prio_dynamic_quantum,20,60,10,60080.400000
prio_dynamic_quantum,20,60,11,54197.700000
prio_dynamic_quantum,20,60,12,73179.816667
prio_dynamic_quantum,20,60,13,58838.583333
prio_dynamic_quantum,20,60,14,84804.050000
prio_dynamic_quantum,20,60,15,84396.016667
prio_dynamic_quantum,20,60,16,65271.183333
prio_dynamic_quantum,20,60,17,55075.650000
prio_dynamic_quantum,20,60,18,72343.883333
prio_dynamic_quantum,20,60,19,61715.000000
prio_dynamic_quantum,20,60,20,73545.900000
prio_dynamic_quantum,20,60,21,54273.516667
prio_dynamic_quantum,20,60,22,60679.833333
prio_dynamic_quantum,20,60,23,68916.200000
prio_dynamic_quantum,20,60,24,65713.066667
prio_dynamic_quantum,20,60,25,70175.283333
prio_dynamic_quantum,20,60,26,73148.733333
prio_dynamic_quantum,20,60,27,72321.850000
prio_dynamic_quantum,20,60,28,78546.966667
prio_dynamic_quantum,20,60,29,73241.516667
prio_dynamic_quantum,20,60,30,65626.250000
prio_dynamic_quantum,20,70,1,78895.700000
prio_dynamic_quantum,20,70,2,77757.085714
prio_dynamic_quantum,20,70,3,87250.371429
prio_dynamic_quantum,20,70,4,70213.257143
prio_dynamic_quantum,20,70,5,76707.728571
prio_dynamic_quantum,20,70,6,74900.514286
prio_dynamic_quantum,20,70,7,72420.614286
prio_dynamic_quantum,20,70,8,83164.828571
prio_dynamic_quantum,20,70,9,75196.528571
prio_dynamic_quantum,20,70,10,82481.028571
prio_dynamic_quantum,20,70,11,82619.300000
prio_dynamic_quantum,20,70,12,96783.914286
prio_dynamic_quantum,20,70,13,82250.414286
prio_dynamic_quantum,20,70,14,69345.700000
prio_dynamic_quantum,20,70,15,66635.042857
prio_dynamic_quantum,20,70,16,69622.185714
prio_dynamic_quantum,20,70,17,87932.128571
prio_dynamic_quantum,20,70,18,85379.928571
prio_dynamic_quantum,20,70,19,74594.642857
prio_dynamic_quantum,20,70,20,96973.671429
prio_dynamic_quantum,20,70,21,90281.842857
prio_dynamic_quantum,20,70,22,70026.742857
prio_dynamic_quantum,20,70,23,70441.185714
prio_dynamic_quantum,20,70,24,70425.085714
prio_dynamic_quantum,20,70,25,76993.757143
prio_dynamic_quantum,20,70,26,78532.642857
prio_dynamic_quantum,20,70,27,82753.985714
prio_dynamic_quantum,20,70,28,71376.357143
prio_dynamic_quantum,20,70,29,61319.328571
prio_dynamic_quantum,20,70,30,69753.842857
prio_dynamic_quantum,20,80,1,93370.812500
prio_dynamic_quantum,20,80,2,96133.925000
prio_dynamic_quantum,20,80,3,86045.337500
prio_dynamic_quantum,20,80,4,110239.462500
prio_dynamic_quantum,20,80,5,87620.100000
prio_dynamic_quantum,20,80,6,79210.637500
prio_dynamic_quantum,20,80,7,111891.237500
prio_dynamic_quantum,20,80,8,93730.575000
prio_dynamic_quantum,20,80,9,87652.387500
prio_dynamic_quantum,20,80,10,92967.612500
prio_dynamic_quantum,20,80,11,98500.550000
prio_dynamic_quantum,20,80,12,100954.062500
prio_dynamic_quantum,20,80,13,91784.500000
prio_dynamic_quantum,20,80,14,97830.900000
prio_dynamic_quantum,20,80,15,94284.125000
prio_dynamic_quantum,20,80,16,85867.125000
prio_dynamic_quantum,20,80,17,79636.212500
prio_dynamic_quantum,20,80,18,86832.475000
prio_dynamic_quantum,20,80,19,95865.412500
prio_dynamic_quantum,20,80,20,91345.525000
prio_dynamic_quantum,20,80,21,86017.475000
prio_dynamic_quantum,20,80,22,67994.712500
prio_dynamic_quantum,20,80,23,85030.312500
prio_dynamic_quantum,20,80,24,135991.487500
prio_dynamic_quantum,20,80,25,111122.112500
prio_dynamic_quantum,20,80,26,107471.725000
prio_dynamic_quantum,20,80,27,88263.787500
prio_dynamic_quantum,20,80,28,100067.912500
prio_dynamic_quantum,20,80,29,95911.250000
prio_dynamic_quantum,20,80,30,98205.050000
prio_dynamic_quantum,20,90,1,98938.122222
prio_dynamic_quantum,20,90,2,104968.044444
prio_dynamic_quantum,20,90,3,120080.200000
prio_dynamic_quantum,20,90,4,110538.911111
prio_dynamic_quantum,20,90,5,115544.155556
prio_dynamic_quantum,20,90,6,116657.622222
prio_dynamic_quantum,20,90,7,95654.577778
prio_dynamic_quantum,20,90,8,109640.344444
prio_dynamic_quantum,20,90,9,100300.655556
prio_dynamic_quantum,20,90,10,93572.255556
prio_dynamic_quantum,20,90,11,102768.155556
prio_dynamic_quantum,20,90,12,123260.344444
prio_dynamic_quantum,20,90,13,104745.444444
prio_dynamic_quantum,20,90,14,103064.344444
prio_dynamic_quantum,20,90,15,111443.833333
prio_dynamic_quantum,20,90,16,91368.466667
prio_dynamic_quantum,20,90,17,87634.633333
prio_dynamic_quantum,20,90,18,105033.600000
prio_dynamic_quantum,20,90,19,96645.777778
prio_dynamic_quantum,20,90,20,91373.211111
prio_dynamic_quantum,20,90,21,107446.400000
prio_dynamic_quantum,20,90,22,113669.811111
prio_dynamic_quantum,20,90,23,101583.122222
prio_dynamic_quantum,20,90,24,106077.311111
prio_dynamic_quantum,20,90,25,108535.900000
prio_dynamic_quantum,20,90,26,105037.744444
prio_dynamic_quantum,20,90,27,126536.866667
prio_dynamic_quantum,20,90,28,86278.133333
prio_dynamic_quantum,20,90,29,101813.266667
prio_dynamic_quantum,20,90,30,93867.800000
prio_dynamic_quantum,20,100,1,126573.380000
prio_dynamic_quantum,20,100,2,132174.090000
prio_dynamic_quantum,20,100,3,108283.070000
prio_dynamic_quantum,20,100,4,127668.390000
prio_dynamic_quantum,20,100,5,103758.250000
prio_dynamic_quantum,20,100,6,122335.440000
prio_dynamic_quantum,20,100,7,114877.470000
prio_dynamic_quantum,20,100,8,98280.550000
prio_dynamic_quantum,20,100,9,112954.480000
prio_dynamic_quantum,20,100,10,103614.320000
prio_dynamic_quantum,20,100,11,114464.800000
prio_dynamic_quantum,20,100,12,111886.650000
prio_dynamic_quantum,20,100,13,113971.250000
prio_dynamic_quantum,20,100,14,141859.400000
prio_dynamic_quantum,20,100,15,97616.960000
prio_dynamic_quantum,20,100,16,114640.200000
prio_dynamic_quantum,20,100,17,119596.270000
prio_dynamic_quantum,20,100,18,100802.200000
prio_dynamic_quantum,20,100,19,123056.590000
prio_dynamic_quantum,20,100,20,116961.350000
prio_dynamic_quantum,20,100,21,126943.360000
prio_dynamic_quantum,20,100,22,101872.090000
prio_dynamic_quantum,20,100,23,101384.550000
prio_dynamic_quantum,20,100,24,127392.190000
prio_dynamic_quantum,20,100,25,100519.670000
prio_dynamic_quantum,20,100,26,120823.070000
prio_dynamic_quantum,20,100,27,104393.550000
prio_dynamic_quantum,20,100,28,110992.040000
prio_dynamic_quantum,20,100,29,124060.860000
prio_dynamic_quantum,20,100,30,110189.930000
prio_dynamic_quantum,30,10,1,8349.200000
prio_dynamic_quantum,30,10,2,9746.100000
prio_dynamic_quantum,30,10,3,7793.500000
prio_dynamic_quantum,30,10,4,11675.600000
prio_dynamic_quantum,30,10,5,9081.700000
prio_dynamic_quantum,30,10,6,8918.300000
prio_dynamic_quantum,30,10,7,9245.100000
prio_dynamic_quantum,30,10,8,11174.400000
prio_dynamic_quantum,30,10,9,8077.100000
prio_dynamic_quantum,30,10,10,7586.900000
prio_dynamic_quantum,30,10,11,7446.700000
prio_dynamic_quantum,30,10,12,12660.700000
prio_dynamic_quantum,30,10,13,10224.800000
prio_dynamic_quantum,30,10,14,9017.100000
prio_dynamic_quantum,30,10,15,11703.000000
prio_dynamic_quantum,30,10,16,9483.900000
prio_dynamic_quantum,30,10,17,8546.900000
prio_dynamic_quantum,30,10,18,5381.200000
prio_dynamic_quantum,30,10,19,7836.400000
prio_dynamic_quantum,30,10,20,12050.900000
prio_dynamic_quantum,30,10,21,14667.600000
prio_dynamic_quantum,30,10,22,13746.800000
prio_dynamic_quantum,30,10,23,9702.000000
prio_dynamic_quantum,30,10,24,7019.500000
prio_dynamic_quantum,30,10,25,12567.000000
prio_dynamic_quantum,30,10,26,11895.600000
prio_dynamic_quantum,30,10,27,9874.400000
prio_dynamic_quantum,30,10,28,12027.300000
prio_dynamic_quantum,30,10,29,9145.600000
prio_dynamic_quantum,30,10,30,4628.900000
prio_dynamic_quantum,30,20,1,15037.450000
prio_dynamic_quantum,30,20,2,16203.100000
prio_dynamic_quantum,30,20,3,22006.600000
prio_dynamic_quantum,30,20,4,15398.100000
prio_dynamic_quantum,30,20,5,14037.000000
prio_dynamic_quantum,30,20,6,21825.550000
prio_dynamic_quantum,30,20,7,19773.100000
prio_dynamic_quantum,30,20,8,17256.300000
prio_dynamic_quantum,30,20,9,16798.300000
prio_dynamic_quantum,30,20,10,16740.200000
prio_dynamic_quantum,30,20,11,14568.300000
prio_dynamic_quantum,30,20,12,19977.400000
prio_dynamic_quantum,30,20,13,12799.350000
prio_dynamic_quantum,30,20,14,21213.700000
prio_dynamic_quantum,30,20,15,14162.250000
prio_dynamic_quantum,30,20,16,18530.050000
prio_dynamic_quantum,30,20,17,13087.750000
prio_dynamic_quantum,30,20,18,16621.450000
prio_dynamic_quantum,30,20,19,11478.700000
prio_dynamic_quantum,30,20,20,13609.000000
prio_dynamic_quantum,30,20,21,14224.500000
prio_dynamic_quantum,30,20,22,16549.500000
prio_dynamic_quantum,30,20,23,15871.500000
prio_dynamic_quantum,30,20,24,19597.300000
prio_dynamic_quantum,30,20,25,20719.800000
prio_dynamic_quantum,30,20,26,15557.400000
prio_dynamic_quantum,30,20,27,28292.150000
prio_dynamic_quantum,30,20,28,18235.500000
prio_dynamic_quantum,30,20,29,15972.150000
prio_dynamic_quantum,30,20,30,16407.750000
prio_dynamic_quantum,30,30,1,26392.600000
prio_dynamic_quantum,30,30,2,27291.733333
prio_dynamic_quantum,30,30,3,28713.733333
prio_dynamic_quantum,30,30,4,33506.300000
prio_dynamic_quantum,30,30,5,29062.800000
prio_dynamic_quantum,30,30,6,31431.500000
prio_dynamic_quantum,30,30,7,31419.233333
prio_dynamic_quantum,30,30,8,21292.533333
prio_dynamic_quantum,30,30,9,24245.066667
prio_dynamic_quantum,30,30,10,26978.366667
prio_dynamic_quantum,30,30,11,20210.433333
prio_dynamic_quantum,30,30,12,27019.900000
prio_dynamic_quantum,30,30,13,30583.133333
prio_dynamic_quantum,30,30,14,30103.866667
prio_dynamic_quantum,30,30,15,43068.033333
prio_dynamic_quantum,30,30,16,52795.266667
prio_dynamic_quantum,30,30,17,37419.400000
prio_dynamic_quantum,30,30,18,40287.100000
prio_dynamic_quantum,30,30,19,35922.400000
prio_dynamic_quantum,30,30,20,26787.266667
prio_dynamic_quantum,30,30,21,25321.966667
prio_dynamic_quantum,30,30,22,27492.433333
prio_dynamic_quantum,30,30,23,24706.433333
prio_dynamic_quantum,30,30,24,28978.866667
prio_dynamic_quantum,30,30,25,23442.400000
prio_dynamic_quantum,30,30,26,23810.900000
prio_dynamic_quantum,30,30,27,27440.933333
prio_dynamic_quantum,30,30,28,27496.066667
prio_dynamic_quantum,30,30,29,28964.933333
prio_dynamic_quantum,30,30,30,28227.033333
prio_dynamic_quantum,30,40,1,33628.775000
prio_dynamic_quantum,30,40,2,34109.825000
prio_dynamic_quantum,30,40,3,26267.175000
prio_dynamic_quantum,30,40,4,38949.950000
prio_dynamic_quantum,30,40,5,41653.250000
prio_dynamic_quantum,30,40,6,36341.800000
prio_dynamic_quantum,30,40,7,31403.525000
prio_dynamic_quantum,30,40,8,39111.275000
prio_dynamic_quantum,30,40,9,38334.500000
prio_dynamic_quantum,30,40,10,31559.450000
prio_dynamic_quantum,30,40,11,32446.450000
prio_dynamic_quantum,30,40,12,34686.425000
prio_dynamic_quantum,30,40,13,34205.875000
prio_dynamic_quantum,30,40,14,34988.800000
prio_dynamic_quantum,30,40,15,35513.400000
prio_dynamic_quantum,30,40,16,50787.575000
prio_dynamic_quantum,30,40,17,32343.125000
prio_dynamic_quantum,30,40,18,30256.275000
prio_dynamic_quantum,30,40,19,32837.000000
prio_dynamic_quantum,30,40,20,31671.675000
prio_dynamic_quantum,30,40,21,42505.050000
prio_dynamic_quantum,30,40,22,31164.400000
prio_dynamic_quantum,30,40,23,31880.250000
prio_dynamic_quantum,30,40,24,34087.375000
prio_dynamic_quantum,30,40,25,31304.425000
prio_dynamic_quantum,30,40,26,25311.425000
prio_dynamic_quantum,30,40,27,32022.750000
prio_dynamic_quantum,30,40,28,33054.925000
prio_dynamic_quantum,30,40,29,36509.650000
prio_dynamic_quantum,30,40,30,71437.025000
prio_dynamic_quantum,30,50,1,41017.180000
prio_dynamic_quantum,30,50,2,52827.720000
prio_dynamic_quantum,30,50,3,48004.700000
prio_dynamic_quantum,30,50,4,40394.220000
prio_dynamic_quantum,30,50,5,38397.360000
prio_dynamic_quantum,30,50,6,39314.680000
prio_dynamic_quantum,30,50,7,34314.900000
prio_dynamic_quantum,30,50,8,52211.620000
prio_dynamic_quantum,30,50,9,37803.320000
prio_dynamic_quantum,30,50,10,49774.400000
prio_dynamic_quantum,30,50,11,34159.720000
prio_dynamic_quantum,30,50,12,40990.420000
prio_dynamic_quantum,30,50,13,38198.140000
prio_dynamic_quantum,30,50,14,45164.980000
prio_dynamic_quantum,30,50,15,39969.640000
prio_dynamic_quantum,30,50,16,44195.580000
prio_dynamic_quantum,30,50,17,37683.780000
prio_dynamic_quantum,30,50,18,44627.000000
prio_dynamic_quantum,30,50,19,52316.280000
prio_dynamic_quantum,30,50,20,47765.820000
prio_dynamic_quantum,30,50,21,37760.540000
prio_dynamic_quantum,30,50,22,51060.460000
prio_dynamic_quantum,30,50,23,49236.960000
prio_dynamic_quantum,30,50,24,39424.580000
prio_dynamic_quantum,30,50,25,47371.040000
prio_dynamic_quantum,30,50,26,44581.540000
prio_dynamic_quantum,30,50,27,56478.880000
prio_dynamic_quantum,30,50,28,33024.700000
prio_dynamic_quantum,30,50,29,44091.060000
prio_dynamic_quantum,30,50,30,41150.020000
prio_dynamic_quantum,30,60,1,38688.350000
prio_dynamic_quantum,30,60,2,47478.516667
prio_dynamic_quantum,30,60,3,47051.766667
prio_dynamic_quantum,30,60,4,50629.266667
prio_dynamic_quantum,30,60,5,47839.750000
prio_dynamic_quantum,30,60,6,48025.550000
prio_dynamic_quantum,30,60,7,55054.433333
prio_dynamic_quantum,30,60,8,48284.033333
prio_dynamic_quantum,30,60,9,43012.966667
prio_dynamic_quantum,30,60,10,57387.750000
prio_dynamic_quantum,30,60,11,43588.466667
prio_dynamic_quantum,30,60,12,54768.866667
prio_dynamic_quantum,30,60,13,68035.383333
prio_dynamic_quantum,30,60,14,47557.633333
prio_dynamic_quantum,30,60,15,43894.666667
prio_dynamic_quantum,30,60,16,52749.716667
prio_dynamic_quantum,30,60,17,46907.866667
prio_dynamic_quantum,30,60,18,51254.850000
prio_dynamic_quantum,30,60,19,49562.016667
prio_dynamic_quantum,30,60,20,48236.200000
prio_dynamic_quantum,30,60,21,53066.700000
prio_dynamic_quantum,30,60,22,48937.516667
prio_dynamic_quantum,30,60,23,46961.133333
prio_dynamic_quantum,30,60,24,63677.333333
prio_dynamic_quantum,30,60,25,45308.433333
prio_dynamic_quantum,30,60,26,61342.550000
prio_dynamic_quantum,30,60,27,45878.733333
prio_dynamic_quantum,30,60,28,54256.416667
prio_dynamic_quantum,30,60,29,51340.666667
prio_dynamic_quantum,30,60,30,49704.683333
prio_dynamic_quantum,30,70,1,64944.585714
prio_dynamic_quantum,30,70,2,55540.400000
prio_dynamic_quantum,30,70,3,66680.142857
prio_dynamic_quantum,30,70,4,54286.442857
prio_dynamic_quantum,30,70,5,60258.385714
prio_dynamic_quantum,30,70,6,61281.485714
prio_dynamic_quantum,30,70,7,62804.185714
prio_dynamic_quantum,30,70,8,61704.014286
prio_dynamic_quantum,30,70,9,65109.528571
prio_dynamic_quantum,30,70,10,57681.057143
prio_dynamic_quantum,30,70,11,66334.800000
prio_dynamic_quantum,30,70,12,54250.900000
prio_dynamic_quantum,30,70,13,59816.928571
prio_dynamic_quantum,30,70,14,65953.171429
prio_dynamic_quantum,30,70,15,53961.614286
prio_dynamic_quantum,30,70,16,63164.785714
prio_dynamic_quantum,30,70,17,57770.385714
prio_dynamic_quantum,30,70,18,51814.928571
prio_dynamic_quantum,30,70,19,51075.271429
prio_dynamic_quantum,30,70,20,57145.685714
prio_dynamic_quantum,30,70,21,69048.557143
prio_dynamic_quantum,30,70,22,70474.842857
prio_dynamic_quantum,30,70,23,62046.714286
prio_dynamic_quantum,30,70,24,66084.600000
prio_dynamic_quantum,30,70,25,47406.885714
prio_dynamic_quantum,30,70,26,57055.500000
prio_dynamic_quantum,30,70,27,62995.428571
prio_dynamic_quantum,30,70,28,70542.242857
prio_dynamic_quantum,30,70,29,63591.700000
prio_dynamic_quantum,30,70,30,49764.714286
prio_dynamic_quantum,30,80,1,77482.400000
prio_dynamic_quantum,30,80,2,70542.737500
prio_dynamic_quantum,30,80,3,66787.037500
prio_dynamic_quantum,30,80,4,63794.825000
prio_dynamic_quantum,30,80,5,71458.900000
prio_dynamic_quantum,30,80,6,67793.687500
prio_dynamic_quantum,30,80,7,68901.550000
prio_dynamic_quantum,30,80,8,69456.150000
prio_dynamic_quantum,30,80,9,72704.137500
prio_dynamic_quantum,30,80,10,63490.037500
prio_dynamic_quantum,30,80,11,63013.837500
prio_dynamic_quantum,30,80,12,87845.712500
prio_dynamic_quantum,30,80,13,77716.125000
prio_dynamic_quantum,30,80,14,58021.387500
prio_dynamic_quantum,30,80,15,70514.000000
prio_dynamic_quantum,30,80,16,78546.950000
prio_dynamic_quantum,30,80,17,68489.887500
prio_dynamic_quantum,30,80,18,73260.112500
prio_dynamic_quantum,30,80,19,63907.087500
prio_dynamic_quantum,30,80,20,72534.725000
prio_dynamic_quantum,30,80,21,59197.737500
prio_dynamic_quantum,30,80,22,67658.325000
prio_dynamic_quantum,30,80,23,80110.562500
prio_dynamic_quantum,30,80,24,70808.212500
prio_dynamic_quantum,30,80,25,64759.000000
prio_dynamic_quantum,30,80,26,75051.712500
prio_dynamic_quantum,30,80,27,53910.000000
prio_dynamic_quantum,30,80,28,54288.550000
prio_dynamic_quantum,30,80,29,60382.150000
prio_dynamic_quantum,30,80,30,83083.387500
prio_dynamic_quantum,30,90,1,64515.900000
prio_dynamic_quantum,30,90,2,83768.022222
prio_dynamic_quantum,30,90,3,109475.277778
prio_dynamic_quantum,30,90,4,75489.277778
prio_dynamic_quantum,30,90,5,87055.000000
prio_dynamic_quantum,30,90,6,73417.766667
prio_dynamic_quantum,30,90,7,87724.988889
prio_dynamic_quantum,30,90,8,83062.288889
prio_dynamic_quantum,30,90,9,82630.488889
prio_dynamic_quantum,30,90,10,75179.511111
prio_dynamic_quantum,30,90,11,85918.611111
prio_dynamic_quantum,30,90,12,69256.500000
prio_dynamic_quantum,30,90,13,77886.400000
prio_dynamic_quantum,30,90,14,85399.700000
prio_dynamic_quantum,30,90,15,60707.200000
prio_dynamic_quantum,30,90,16,65989.933333
prio_dynamic_quantum,30,90,17,86934.033333
prio_dynamic_quantum,30,90,18,67274.011111
prio_dynamic_quantum,30,90,19,68439.788889
prio_dynamic_quantum,30,90,20,69749.422222
prio_dynamic_quantum,30,90,21,62844.422222
prio_dynamic_quantum,30,90,22,71939.088889
prio_dynamic_quantum,30,90,23,63365.988889
prio_dynamic_quantum,30,90,24,76920.888889
prio_dynamic_quantum,30,90,25,78455.166667
prio_dynamic_quantum,30,90,26,69874.544444
prio_dynamic_quantum,30,90,27,64798.622222
prio_dynamic_quantum,30,90,28,74993.077778
prio_dynamic_quantum,30,90,29,95029.988889
prio_dynamic_quantum,30,90,30,81574.044444
prio_dynamic_quantum,30,100,1,106614.670000
prio_dynamic_quantum,30,100,2,90585.120000
prio_dynamic_quantum,30,100,3,92321.830000
prio_dynamic_quantum,30,100,4,100859.890000
prio_dynamic_quantum,30,100,5,111242.270000
prio_dynamic_quantum,30,100,6,75109.510000
prio_dynamic_quantum,30,100,7,78824.510000
prio_dynamic_quantum,30,100,8,84985.070000
prio_dynamic_quantum,30,100,9,79228.780000
prio_dynamic_quantum,30,100,10,83873.790000
prio_dynamic_quantum,30,100,11,114790.080000
prio_dynamic_quantum,30,100,12,88914.790000
prio_dynamic_quantum,30,100,13,88196.980000
prio_dynamic_quantum,30,100,14,70736.620000
prio_dynamic_quantum,30,100,15,80596.810000
prio_dynamic_quantum,30,100,16,92006.450000
prio_dynamic_quantum,30,100,17,94412.110000
prio_dynamic_quantum,30,100,18,101478.470000
prio_dynamic_quantum,30,100,19,81625.230000
prio_dynamic_quantum,30,100,20,75960.220000
prio_dynamic_quantum,30,100,21,85096.490000
prio_dynamic_quantum,30,100,22,67679.100000
prio_dynamic_quantum,30,100,23,64849.940000
prio_dynamic_quantum,30,100,24,94408.070000
prio_dynamic_quantum,30,100,25,75247.420000
prio_dynamic_quantum,30,100,26,99195.470000
prio_dynamic_quantum,30,100,27,84585.760000
prio_dynamic_quantum,30,100,28,90309.300000
prio_dynamic_quantum,30,100,29,80816.970000
prio_dynamic_quantum,30,100,30,109833.130000
